Title,Price
"LENOVO IdeaPad Slim 3, Chromebook, mit 14 Zoll Display, MediaTek Kompanio,520 Prozessor, 4 GB RAM, 64 GB eMMC, ARM Mali-G52, Cloud Grey, Google Chrome OS","299,00€"
"LENOVO IdeaPad 1i, inkl. 1 Jahr Microsoft 365 Single, Notebook, mit 15,6 Zoll Display, Intel® Celeron®,N4120 Prozessor, 4 GB RAM, 128 GB eMMC, Intel® UHD 600, Cloud Grey, Windows 11 Home S-Modus (64 Bit)","299,00€"
"HP 17-cp2334ng, Notebook, mit 17,3 Zoll Display, AMD Ryzen™ 3,7320U Prozessor, 8 GB RAM, 512 GB SSD, AMD Radeon™ Onboard Graphics, Natural Silver, Windows 11 Home (64 Bit)","549,00€"
"ASUS Chromebook CX1 CX1500CKA-EJ0160, Chromebook, mit 15,6 Zoll Display, Intel® Celeron®,N4500 Prozessor, 4 GB RAM, 128 GB eMMC, Intel® UHD Graphics, Silber, Google Chrome OS","399,00€"
"SAMSUNG Galaxy Book4, Notebook, mit 15,6 Zoll Display, Intel® Core™ 3,100U Prozessor, 8 GB RAM, 256 GB SSD, Intel® Core™ Onboard Graphics, Gray, Windows 11 Home (64 Bit)","799,00€"
"ACER Aspire 3 (A315-44P-R53H), Notebook, mit 15,6 Zoll Display, AMD Ryzen™ 7,5700U Prozessor, 16 GB RAM, 1 TB SSD, AMD Radeon™ Onboard Graphics, Pure Silver, Windows 11 Home (64 Bit)","629,00€"
"HP 15-fc0376ng, Notebook, mit 15,6 Zoll Display, AMD Ryzen™ 7,7730U Prozessor, 16 GB RAM, 512 GB SSD, AMD Radeon™ Onboard Graphics, Silber, Windows 11 Home (64 Bit)","799,00€"
"ACER Swift Go (SFG14-71-51JU) mit OLED-Display, Notebook, mit 14 Zoll Display, Intel® Evo™ Plattform, Intel® Core™ i5,i5-1335U (Evo) Prozessor, 16 GB RAM, 512 GB SSD, Intel® Iris® Xe, Pure Silver, Windows 11 Home (64 Bit)","819,00€"
"LENOVO IdeaPad 3i, Notebook, mit 17,3 Zoll Display, Intel® Core™ i7,i7-1255U Prozessor, 16 GB RAM, 1 TB SSD, Intel® Iris® Xe, Arctic Grey, Windows 11 Home (64 Bit)","849,00€"
"ASUS Vivobook Go 15 E1504FA-BQ1101W, Notebook, mit 15,6 Zoll Display, AMD Ryzen™ 3,7320U Prozessor, 8 GB RAM, 512 GB SSD, AMD Radeon™ 610M, Schwarz, Windows 11 Home (64 Bit)","469,00€"
"ACER Chromebook 317 (CB317-1H-C7H8), Chromebook, mit 17,3 Zoll Display, Intel® Celeron®,N5100 Prozessor, 4 GB RAM, 128 GB eMMC, Intel® UHD Graphics, Silber, Google Chrome OS","499,00€"
"LENOVO IdeaPad Slim 3, Notebook, mit 15,6 Zoll Display, AMD Ryzen™ 5,7520U Prozessor, 8 GB RAM, 512 GB SSD, AMD Radeon™ 610M, Arctic Grey, Windows 11 Home (64 Bit)","509,00€"
"ACER Nitro 5 (AN517-55-56G2) mit 144 Hz Display & RGB Tastaturbeleuchtung, Gaming Notebook, mit 17,3 Zoll Display, Intel® Core™ i5,i5-12450H  Prozessor, 16 GB RAM, 512 GB SSD, NVIDIA GeForce RTX™ 3050, Obsidian Black, Windows 11 Home (64 Bit)","1079,00€"
"APPLE MacBook Air (2024), MRXV3D/A, Notebook, mit 13,6 Zoll Display, M3 Prozessor, 8 GB RAM, 256 GB SSD, Mitternacht, macOS","1299,00€"
"ASUS Vivobook 16 X1605ZA-MB416W, Notebook, mit 16 Zoll Display, Intel® Pentium® Gold,8505 Prozessor, 8 GB RAM, 512 GB SSD, Intel® UHD Graphics, Silber, Windows 11 Home (64 Bit)","449,00€"
"ACER Predator Helios Neo 16, Gaming Notebook, mit 16,0 Zoll Display, Intel® Core™ i7,i7-13700HX Prozessor, 32 GB RAM, 1 TB SSD, NVIDIA GeForce RTX™ 4070, Obsidian Black, Windows 11 Home (64 Bit)","2359,00€"
"ASUS Chromebook CX1700 (CX1700CKA-BX0035), Chromebook, mit 17,3 Zoll Display, Intel® Celeron®,N4500 Prozessor, 8 GB RAM, 128 GB eMMC, Intel® UHD Graphics, Transparent Silver, Google Chrome OS","499,00€"
"ASUS TUF Gaming A15 FA506NC-HN001W, Gaming Notebook, mit 15,6 Zoll Display, AMD Ryzen™ 5,7535HS Prozessor, 16 GB RAM, 512 GB SSD, NVIDIA GeForce RTX™ 3050, Graphite Black, Windows 11 Home (64 Bit)","899,00€"
"LENOVO Yoga Pro 7i, Premium KI-Notebook, mit 14,5 Zoll Display, Intel® Evo™ Plattform, Intel® U-Series,155H Prozessor, 32 GB RAM, 1000 GB SSD GeForce RTX™ 4050, Luna Grey, Windows 11 Home (64 Bit)","1699,00€"
"ACER Nitro 5 (AN517-55-74Q3) mit 144 Hz Display & RGB Tastaturbeleuchtung, Gaming Notebook, mit 17,3 Zoll Display, Intel® Core™ i7,i7-12650H Prozessor, 16 GB RAM, 1 TB SSD, NVIDIA GeForce RTX™ 4060, Schwarz, Windows 11 Home (64 Bit)","1869,00€"
"LENOVO LOQ 15IAX9, Gaming-Notebook, mit 15,6 Zoll Display, Intel® Core™ i5,12450HX Prozessor, 16 GB RAM, 512 GB SSD, NVIDIA GeForce RTX™ 2050, Luna Grey, Windows 11 Home (64 Bit)","849,00€"
"MICROSOFT Surface Pro, Copilot+ PC, 11. Edition, OLED, Convertible, mit 13 Zoll Display, Qualcomm Snapdragon X Elite, 16 GB RAM, 512 GB SSD, Qualcomm Adreno™ Onboard Graphics, Platin, Windows 11 Home (64 Bit)","1799,00€"
"HUAWEI Matebook D14 2024, Notebook, mit 14 Zoll Display, Intel® Core™ i5,i5-12450H Prozessor, 16 GB RAM, 512 GB SSD, Intel® UHD Graphics, Space Gray, Windows 11 Home (64 Bit)","849,00€"
"ASUS VivoBook 16 M1605YA-MB638W, Notebook, mit 16 Zoll Display, AMD Ryzen™ 7,7730U Prozessor, 16 GB RAM, 1 TB SSD, AMD Radeon™ Onboard Graphics, Cool Silver, Windows 11 Home (64 Bit)","699,00€"
"MSI Thin GF63 12VE-081, Gaming Notebook, mit 15,6 Zoll Display, Intel® Core™ i5,i5-12450H Prozessor, 16 GB RAM, 512 GB SSD, NVIDIA GeForce RTX™ 4050, Schwarz, Windows 11 Home (64 Bit)","999,00€"
"ASUS ROG Strix G17 G713PV-HX058W, Gaming Notebook, mit 17,3 Zoll Display, AMD Ryzen™ 9,7845HX Prozessor, 32 GB RAM, 1 TB SSD, NVIDIA GeForce RTX™ 4060, Schwarz/Grau, Windows 11 Home (64 Bit)","1899,00€"
"LENOVO LOQ 15IRX9, Gaming Notebook, mit 15,6 Zoll Display, Intel® Core™ i5,i5-13450HX Prozessor, 16 GB RAM, 1 TB SSD GeForce RTX™ 4060, Luna Grey, Windows 11 Home (64 Bit)","1199,00€"
"ASUS Vivobook 16 X1605VA-MB183W, Notebook, mit 16 Zoll Display, Intel® Core™ i9,i9-13900H Prozessor, 16 GB RAM, 1 TB SSD, Intel® Iris® Xe, Schwarz, Windows 11 Home (64 Bit)","1099,00€"
"ACER Aspire 3 (A317-55P-384L), Notebook, mit 17,3 Zoll Display, Intel® Core™ i3,i3-N305 Prozessor, 8 GB RAM, 512 GB SSD, Intel® UHD Graphics, Steel Grey, Windows 11 Home (64 Bit)","609,00€"
"APPLE MacBook Air (2020), Notebook mit 13,3 Zoll Display, Apple M1 Prozessor, 8 GB RAM, 256 GB SSD, M1, Silber","1129,00€"
"ASUS TUF A17 FA707NU-HX052W, Gaming Notebook, mit 17,3 Zoll Display, AMD Ryzen™ 5,7535HS Prozessor, 16 GB RAM, 1 TB SSD, NVIDIA GeForce RTX™ 4050, Mecha Gray, Windows 11 Home (64 Bit)","1199,00€"
"ASUS Vivobook 16 X1605ZA-MB003W, Notebook, mit 16 Zoll Display, Intel® Core™ i5,i5-1235U Prozessor, 8 GB RAM, 512 GB SSD, Intel® Iris® Xe, Silber, Windows 11 Home (64 Bit)","699,00€"
"APPLE MacBook Air (2024), MRXW3D/A, Notebook, mit 13,6 Zoll Display, M3 Prozessor, 8 GB RAM, 512 GB SSD, Mitternacht, macOS","1529,00€"
"HP OMEN 16-xd0353ng, Gaming Notebook, mit 16,1 Zoll Display, AMD Ryzen™ 5,7640HS  Prozessor, 16 GB RAM, 512 GB SSD, NVIDIA GeForce RTX™ 4050, Schwarz, Windows 11 Home (64 Bit)","1399,00€"
"ACER Aspire 5 (A515-57G-541Z) mit Tastaturbeleuchtung, Notebook, mit 15,6 Zoll Display, Intel® Core™ i5,i5-1235U Prozessor, 8 GB RAM, 512 GB SSD, NVIDIA GeForce RTX™ 2050, Steel Gray, Windows 11 Home (64 Bit)","809,00€"
"LENOVO IdeaPad 3i, Notebook, mit 17,3 Zoll Display, Intel® Core™ i5,i5-1235U Prozessor, 16 GB RAM, 512 GB SSD, Intel® Iris® Xe, Arctic Grey, Windows 11 Home (64 Bit)","659,99€"
"ACER Aspire 5 (A515-57G-541Z) mit Tastaturbeleuchtung, Notebook, mit 15,6 Zoll Display, Intel® Core™ i5,i5-1235U Prozessor, 8 GB RAM, 512 GB SSD, NVIDIA GeForce RTX™ 2050, Steel Gray, Windows 11 Home (64 Bit)","809,00€"
"LENOVO IdeaPad 3i, Notebook, mit 17,3 Zoll Display, Intel® Core™ i5,i5-1235U Prozessor, 16 GB RAM, 512 GB SSD, Intel® Iris® Xe, Arctic Grey, Windows 11 Home (64 Bit)","659,99€"
"LENOVO LOQ 15AHP9, Gaming Notebook, mit 15,6 Zoll Display, AMD Ryzen™ 7,8845HS Prozessor, 16 GB RAM, 1 TB SSD, NVIDIA GeForce RTX™ 4060, Luna Grey, Windows 11 Home (64 Bit)","1399,00€"
"GIGABYTE AORUS 17, Gaming Notebook, mit 17,3 Zoll Display, Intel® Core™ i7,i7 -13620H Prozessor, 16 GB RAM, 1 TB SSD, NVIDIA GeForce RTX™ 4070, Schwarz, Windows 11 (64 Bit)","1799,00€"
"APPLE MacBook Air (2020), Notebook mit 13,3 Zoll Display, Apple M1 Prozessor, 8 GB RAM, 256 GB SSD, M1, Space Grau","1129,00€"
"MSI Katana 17 B13VFK-848, Gaming Notebook, mit 17,3 Zoll Display, Intel® Core™ i7,i7-13620H Prozessor, 16 GB RAM, 1 TB SSD, NVIDIA GeForce RTX™ 4060, Schwarz, Windows 11 (64 Bit)","1599,00€"
"ACER Predator Helios Neo 18 (PHN18-71-72L2) mit 165 Hz Display mit RGB Tastaturbeleuchtung, Gaming Notebook, mit 18 Zoll Display, Intel® Core™ i7,i7-14650HX Prozessor, 16 GB RAM, 1 TB SSD, NVIDIA GeForce RTX™ 4060, Abyssal Black, Windows 11 (64 Bit)","1799,00€"
"LENOVO IdeaPad Duet 3, inkl. Lenovo USI Pen 2, 2-in-1 Chromebook, mit 11 Zoll Display, Qualcomm -,7c Prozessor, 4 GB RAM, 128 GB eMMC, Qualcomm Adreno™ Onboard Graphics, Storm Grey, Google Chrome OS","399,00€"
"LENOVO Yoga Slim 7x, Copilot+ PC, Copilot+ PC, mit 14,5 Zoll Display, Qualcomm Snapdragon X Elite,X1E78100 Prozessor, 32 GB RAM, 1 TB SSD, Qualcomm Adreno™ Onboard Graphics, Cosmic Blue, Windows 11 Home (64 Bit)","1599,00€"
"HP Pavilion Plus 14-eh1359ng, Notebook, mit 14 Zoll Display, Intel® Core™ i5,i5-1340P Prozessor, 16 GB RAM, 512 GB SSD, Intel® Iris® Xe, Silber, Windows 11 Home (64 Bit)","799,99€"
"ASUS ROG Strix G18 G814JI-N5056W, Gaming Notebook, mit 18 Zoll Display, Intel® Core™ i9,i9-13980HX Prozessor, 32 GB RAM, 1 TB SSD, NVIDIA GeForce RTX™ 4070, Schwarz/Grau, Windows 11 Home (64 Bit)","2199,00€"
"LENOVO IdeaPad Flex 5i, Chromebook Plus, mit 14 Zoll Display, Intel® Core™ i3,i3-1315U Prozessor, 8 GB RAM, 512 GB SSD, Intel® UHD Graphics, Storm Grey, Google Chrome OS","679,00€"
"ACER Chromebook 315 (CB315-3H-C0AY), Chromebook, mit 15,6 Zoll Display, Intel® Celeron®,N4120 Prozessor, 4 GB RAM, 128 GB eMMC, Intel® UHD 600, Pure Silver, Google Chrome OS","349,00€"
"ASUS ZenBook 15 OLED UM3504DA-MA217W, Notebook, mit 15,6 Zoll Display, AMD Ryzen™ 7,7735U Prozessor, 16 GB RAM, 1 TB SSD, AMD Radeon™ 680M, Blau, Windows 11 Home (64 Bit)","1499,00€"
"ACER Chromebook 314 (CB314-3HT-P0U0), Chromebook, mit 14 Zoll Display Touchscreen, Intel® Pentium®,N6000 Prozessor, 4 GB RAM, 128 GB eMMC, Intel® UHD Graphics, Pure Silver, Google Chrome OS","519,00€"
"APPLE MacBook Air (2024), MXCU3D/A, Notebook, mit 13,6 Zoll Display, M3 Prozessor, 16 GB RAM, 512 GB SSD, Silber, macOS","1759,00€"
"APPLE MacBook Pro (2023), Notebook mit 16 Zoll Display, Apple M3 Pro Chip, 18 GB RAM, 18-Core GPU, 512 GB SSD, Space Schwarz","2999,00€"
"APPLE MacBook Air (2022), MLY43D/A, Notebook mit 13,6 Zoll Display, Apple M2 Prozessor, 8 GB RAM, 512 GB SSD, M2, Mitternacht","1429,00€"
"APPLE MacBook Air (2024), MRYM3D/A, Notebook, mit 15,3 Zoll Display, M3 Prozessor, 8 GB RAM, 256 GB SSD, Space Grau, macOS","1599,00€"
"LENOVO Lenovo LOQ 15, Gaming Notebook, mit 15,6 Zoll Display, Intel® Core™ i5,i5-13500H Prozessor, 16 GB RAM, 512 GB SSD, NVIDIA GeForce RTX™ 4060, Storm Grey, Windows 11 Home (64 Bit)","1319,00€"
"APPLE MacBook Air (2022), MLY03D/A, Notebook mit 13,6 Zoll Display, Apple M2 Prozessor, 8 GB RAM, 512 GB SSD, M2, Silber","1429,00€"
"ASUS Vivobook Go 15 E510MA-EJ592WS, Laptop, mit 15,6 Zoll Display, Intel® Celeron®,N4020 Prozessor, 4 GB RAM, 128 GB eMMC, Intel® UHD 600, Blau, Windows 11 Home S-Modus (64 Bit)","299,00€"
"APPLE MacBook Air (2024), MRXU3D/A, Notebook, mit 13,6 Zoll Display, M3 Prozessor, 8 GB RAM, 512 GB SSD, Polarstern, macOS","1529,00€"
"MICROSOFT Surface Pro, Copilot+ PC, 11. Edition, Convertible, mit 13 Zoll Display, Qualcomm Snapdragon X Plus, 16 GB RAM, 512 GB SSD, Qualcomm Adreno™ Onboard Graphics, Schwarz, Windows 11 Home (64 Bit)","1449,00€"
"ASUS Vivobook Go 15 E510MA-EJ592WS, Laptop, mit 15,6 Zoll Display, Intel® Celeron®,N4020 Prozessor, 4 GB RAM, 128 GB eMMC, Intel® UHD 600, Blau, Windows 11 Home S-Modus (64 Bit)","299,00€"
"APPLE MacBook Air (2024), MRXU3D/A, Notebook, mit 13,6 Zoll Display, M3 Prozessor, 8 GB RAM, 512 GB SSD, Polarstern, macOS","1529,00€"
"MICROSOFT Surface Pro, Copilot+ PC, 11. Edition, Convertible, mit 13 Zoll Display, Qualcomm Snapdragon X Plus, 16 GB RAM, 512 GB SSD, Qualcomm Adreno™ Onboard Graphics, Schwarz, Windows 11 Home (64 Bit)","1449,00€"
"MEDION E16433, Notebook, mit 16,0 Zoll Display, Intel® Core™ 5,i5-1235U Prozessor, 16 GB RAM, 1 TB SSD, Intel® Iris® Xe, Silber, Windows 11 Home (32 bit)","629,00€"
"MICROSOFT Surface Pro, Copilot+ PC, 11. Edition, OLED, Convertible, mit 13 Zoll Display, Qualcomm Snapdragon X Elite, 16 GB RAM, 1 TB SSD, Qualcomm Adreno™ Onboard Graphics, Platin, Windows 11 Home (64 Bit)","1989,00€"
"ASUS Vivobook 16X OLED K3605VU-MX131W, Notebook, mit 16 Zoll Display, Intel® Core™ i9,i9-13900H Prozessor, 16 GB RAM, 1 TB SSD, NVIDIA GeForce RTX™ 4050, Schwarz, Windows 11 Home (64 Bit)","1799,00€"
"APPLE MacBook Air (2022), MLY23D/A, Notebook mit 13,6 Zoll Display, Apple M2 Prozessor, 8 GB RAM, 512 GB SSD, M2, Polarstern","1429,00€"
"HUAWEI Matebook 14, Notebook, mit 14 Zoll Display, Intel® Core™ i5,i5-1240P Prozessor, 16 GB RAM, 512 GB SSD, Intel® Iris® Xe, Space Gray, Windows 11 Home (64 Bit)","1099,00€"
"ACER Nitro 5 (AN517-55-536Q) mit 144 Hz Display & RGB Tastaturbeleuchtung, Gaming Notebook, mit 17,3 Zoll Display, Intel® Core™ i5,i5-12450H  Prozessor, 16 GB RAM, 512 GB SSD, NVIDIA GeForce RTX™ 4050, Schwarz, Windows 11 Home (64 Bit)","1329,00€"
"SAMSUNG Galaxy Book4, Notebook, mit 15,6 Zoll Display, Intel® Core™ 7,150U Prozessor, 16 GB RAM, 512 GB SSD, Intel® Core™ Onboard Graphics, Silver, Windows 11 Pro (64 Bit)","1259,00€"
"ASUS ROG Strix G17 G713PV-LL014W, Gaming Notebook, mit 17,3 Zoll Display, AMD Ryzen™ 9,7945HX  Prozessor, 32 GB RAM, 1 TB SSD, NVIDIA GeForce RTX™ 4060, Schwarz/Grau, Windows 11 Home (64 Bit)","2199,00€"
"MICROSOFT Surface Laptop Go 3, Notebook, mit 12,45 Zoll Display Touchscreen, Intel® Core™ i5,i5-1235U Prozessor, 16 GB RAM, 256 GB SSD, Intel® Iris® Xe, Sandstein, Windows 11 Home (64 Bit)","1149,00€"
"ACER Nitro 5 (AN515-58-745M), Gaming Notebook, mit 15,6 Zoll Display, Intel® Core™ i7,i7-12700H Prozessor, 16 GB RAM, 512 GB SSD, NVIDIA GeForce RTX™ 3060, Schwarz, Windows 11 Home (64 Bit)","1499,00€"
"ASUS ZenBook Pro 14 OLED UX6404VV-M9022W, Creator Notebook, mit 14 Zoll Display, Intel® Core™ i9,i9-13900H Prozessor, 32 GB RAM, 1 TB SSD, NVIDIA GeForce RTX™ 4060, Tech Black, Windows 11 Home (64 Bit)","2999,00€"
"APPLE MacBook Pro (2023), Notebook mit 16 Zoll Display, Apple M3 Pro Chip, 36 GB RAM, 18-Core GPU, 512 GB SSD, Silber","3459,00€"
"HP 15s-fq0318ng, Notebook, mit 15,6 Zoll Display, Intel® Celeron®,N4120 Prozessor, 8 GB RAM, 512 GB SSD, Intel® UHD 600, Schwarz, Windows 11 Home (64 Bit)","399,00€"
"MICROSOFT Surface Laptop, Copilot+ PC, 7. Edition, Copilot+ PC, mit 13,8 Zoll Display Touchscreen, Qualcomm Snapdragon X Elite, 16 GB RAM, 512 GB SSD, Qualcomm Adreno™ Onboard Graphics, Platin, Windows 11 Home (64 Bit)","1639,00€"
"ASUS Vivobook S 15 OLED S5506MA-MA074W, Notebook, mit 15,6 Zoll Display, Intel® Core™ Ultra 7,155H Prozessor, 16 GB RAM, 1 TB SSD, Intel® Arc® GPU, Schwarz, Windows 11 Home (64 Bit)","1299,00€"
"ACER Aspire 3 (A317-54-39UF), Notebook, mit 17,3 Zoll Display, Intel® Core™ i3,1215U  Prozessor, 8 GB RAM, 512 GB SSD, Intel® UHD Graphics, Pure Silver, Windows 11 (64 Bit)","499,00€"
"HP Pavilion Plus 14-ew0355ng, Notebook, mit 14 Zoll Display, Intel® Core™ i5,i5-1335U Prozessor, 16 GB RAM, 512 GB SSD, Intel® Iris® Xe, Silber, Windows 11 Home (64 Bit)","899,00€"
"PEAQ Classic PNB C140V-2G428D-1, Notebook, mit 14 Zoll Display, Intel® Pentium® Silver,N5030 Prozessor, 4 GB RAM, 128 GB SSD, Intel® UHD 605, Grau, Windows 11 Home S-Modus (64 Bit)","269,99€"
"MICROSOFT Surface Laptop 5, Notebook, mit 13,5 Zoll Display Touchscreen, Intel® Core™ i5,i5-1235U (evo) Prozessor, 8 GB RAM, 256 GB SSD, Intel® Iris® Xe, Platin, Windows 11 Home (64 Bit)","1179,00€"
"ACER Swift Go (SFG14-42-R6VL) mit OLED-Display, Notebook, mit 14,0 Zoll Display, AMD Ryzen™ 5,7640U Prozessor, 16 GB RAM, 512 GB SSD, AMD Radeon™ 760M, Pure Silver, Windows 11 Home (32 bit)","1019,00€"
"HP Pavilion 16-ag0357ng, Notebook, mit 16 Zoll Display Touchscreen, AMD Ryzen™ 5,8540U Prozessor, 16 GB RAM, 512 GB SSD, AMD Radeon™ Onboard Graphics, Silber, Windows 11 Home (64 Bit)","849,00€"
"MICROSOFT Surface Laptop 5, Notebook, mit 13,5 Zoll Display Touchscreen, Intel® Core™ i5,i5-1235U (evo) Prozessor, 8 GB RAM, 256 GB SSD, Intel® Iris® Xe, Platin, Windows 11 Home (64 Bit)","1179,00€"
"ACER Swift Go (SFG14-42-R6VL) mit OLED-Display, Notebook, mit 14,0 Zoll Display, AMD Ryzen™ 5,7640U Prozessor, 16 GB RAM, 512 GB SSD, AMD Radeon™ 760M, Pure Silver, Windows 11 Home (32 bit)","1019,00€"
"HP Pavilion 16-ag0357ng, Notebook, mit 16 Zoll Display Touchscreen, AMD Ryzen™ 5,8540U Prozessor, 16 GB RAM, 512 GB SSD, AMD Radeon™ Onboard Graphics, Silber, Windows 11 Home (64 Bit)","849,00€"
"HP 14-em0355ng, Notebook, mit 14 Zoll Display, ARM Ryzen™ 5,7520U Prozessor, 8 GB RAM, 512 GB SSD, AMD Radeon™ Onboard Graphics, Silber, Windows 11 Home (64 Bit)","599,00€"
"HUAWEI Matebook 14, Notebook, mit 14,2 Zoll Display Touchscreen, Intel® Core™ Ultra 7,155H Prozessor, 16 GB RAM, 1 TB SSD, Intel® Arc® GPU, Grün, Windows 11 Home (64 Bit)","1399,00€"
"HUAWEI MateBook 16s 2023, Intel® Evo™ Plattform, Notebook, mit 16 Zoll Display, Intel® Evo™ Plattform, Intel® Core™ i9,i9-13900H (Evo) Prozessor, 16 GB RAM, 1 TB SSD, Intel® Iris® Xe, Space Grey, Windows 11 Home (64 Bit)","1799,00€"
"ACER Swift Go 14 (SFG14-72-70SP) mit Tastaturbeleuchtung, AI-Features, Notebook, mit 14 Zoll Display, Intel® Evo™ Plattform, Intel® Core™ Ultra 7,155H Prozessor, 32 GB RAM, 1 TB SSD, Intel® Arc® GPU, Pure Silver, Windows 11 (64 Bit)","1249,00€"
"ACER Acer Nitro 17 (AN17-41-R3FU) mit 165 Hz Display mit RGB Tastaturbeleuchtung, Gaming Notebook, mit 17,3 Zoll Display, AMD Ryzen™ 7,7840HS Prozessor, 16 GB RAM, 1 TB SSD, NVIDIA GeForce RTX™ 4070, Obsidian Black, Windows 11 Home (64 Bit)","1759,00€"
"MEDION E15443 (MD62621), Notebook, mit 15,6 Zoll Display, Intel® Core™ Ultra 5,125H Prozessor, 16 GB RAM, 512 GB SSD, Intel® Arc® GPU, Grau, Windows 11 (64 Bit)","699,00€"
"ASUS ROG Strix G18 G814JZR-N6008W, Gaming Notebook, mit 18 Zoll Display, Intel® Core™ i9,i9-14900HX Prozessor, 32 GB RAM, 1 TB SSD, NVIDIA GeForce RTX™ 4080, Schwarz/Grau, Windows 11 Home (64 Bit)","3499,00€"
"APPLE MacBook Air (2022), MLXW3D/A, Notebook mit 13,6 Zoll Display, Apple M2 Prozessor, 8 GB RAM, 256 GB SSD, M2, Space Grau","1199,00€"
"SAMSUNG Galaxy Book4 Ultra, Notebook, mit 16 Zoll Display Touchscreen, Intel® Evo™ Plattform, Intel® Core™ Ultra 7,155H Prozessor, 16 GB RAM, 512 GB SSD, NVIDIA GeForce RTX™ 4050, Moonstone Gray, Windows 11 Home (64 Bit)","2799,00€"
"SAMSUNG Galaxy Book4 Ultra, Notebook, mit 16 Zoll Display Touchscreen, Intel® Evo™ Plattform, Intel® Core™ Ultra 9,185H Prozessor, 32 GB RAM, 1 TB SSD, NVIDIA GeForce RTX™ 4070, Moonstone Gray, Windows 11 Home (64 Bit)","3699,00€"
"SAMSUNG Galaxy Book4 Pro, Notebook, mit 16 Zoll Display Touchscreen, Intel® Evo™ Plattform, Intel® Core™ Ultra 7,155H Prozessor, 16 GB RAM, 512 GB SSD, Intel® Arc® GPU, Moonstone Gray, Windows 11 Home (64 Bit)","1999,00€"
"SAMSUNG Galaxy Book 4 Edge, Copilot+ PC, mit 14 Zoll Display, Qualcomm Snapdragon X Elite, 16 GB RAM, 512 GB SSD, Qualcomm Adreno™ Onboard Graphics, Sapphire Blue, Windows 11 Home (64 Bit)","1699,00€"
"SAMSUNG Galaxy Book4 Pro, Notebook, mit 14 Zoll Display Touchscreen, Intel® Evo™ Plattform, Intel® Core™ Ultra 7,155H Prozessor, 16 GB RAM, 512 GB SSD, Intel® Arc® GPU, Moonstone Gray, Windows 11 Home (64 Bit)","1899,00€"
"SAMSUNG Galaxy Book 4 Edge, Copilot+ PC, mit 16 Zoll Display, Qualcomm Snapdragon X Elite, 16 GB RAM, 512 GB SSD, Qualcomm Adreno™ Onboard Graphics, Sapphire Blue, Windows 11 Home (64 Bit)","1799,00€"
"APPLE MacBook Pro (2023), Notebook mit 14 Zoll Display, Apple M3 Chip, 8 GB RAM, 10-Core GPU, 1 TB SSD, Space Grau","2229,00€"
"APPLE MacBook Air (2024), MRYV3D/A, Notebook, mit 15,3 Zoll Display, M3 Prozessor, 8 GB RAM, 512 GB SSD, Mitternacht, macOS","1829,00€"
"HP Laptop 15s-fq5353ng, Notebook, mit 15,6 Zoll Display, Intel® Core™ i5,i5-1235U Prozessor, 8 GB RAM, 512 GB SSD, Intel® Iris® Xe, Natursilber, Windows 11 Home (64 Bit)","599,00€"
"ASUS TUF Gaming A17 FA706NF-HX018, Gaming Notebook, mit 17,3 Zoll Display, AMD Ryzen™ 5,7535HS Prozessor, 16 GB RAM, 512 GB SSD, NVIDIA GeForce RTX™ 2050, Graphite Black, Kein Betriebssystem","799,00€"
"ACER Chromebook Plus 515 (CB515-2H-363X), Chromebook Plus, mit 15,6 Zoll Display, Intel® Core™ i3,i3-1215U  Prozessor, 8 GB RAM, 128 GB Flash, Intel® UHD Graphics, Steel Gray, Google Chrome OS","549,00€"
"SAMSUNG Galaxy Book4, Notebook, mit 15,6 Zoll Display, Intel® Core™ 3,100U Prozessor, 8 GB RAM, 256 GB SSD, Intel® Core™ Onboard Graphics, Silver, Windows 11 Pro (64 Bit)","909,00€"
"MICROSOFT Surface Laptop Go 3, Notebook, mit 12,45 Zoll Display Touchscreen, Intel® Core™ i5,i5-1235U Prozessor, 8 GB RAM, 256 GB SSD, Intel® Iris® Xe, Platin, Windows 11 Home (64 Bit)","859,99€"
"ACER Nitro 5 (AN515-57-57R3), Gaming Notebook, mit 15,6 Zoll Display, Intel® Core™ i5,i5-11400H  Prozessor, 8 GB RAM, 512 GB SSD, NVIDIA GeForce® GTX 1650, Schwarz, Windows 11 Home (64 Bit)","899,00€"
"HP x360 14a-ca0312ng, Chromebook, mit 14 Zoll Display Touchscreen, Intel® Celeron®,N4120 Prozessor, 4 GB RAM, 64 GB eMMC, Intel® UHD 600, Silber, Google Chrome OS","379,00€"
"ACER Aspire 3 (A314-23P-R9DS), Notebook, mit 14,0 Zoll Display, AMD Ryzen™ 3,7320U Prozessor, 8 GB RAM, 256 GB SSD, AMD Radeon™ Onboard Graphics, Pure Silver, Windows 11 Home S-Modus (64 Bit)","499,00€"
"APPLE MacBook Pro (2023), Notebook mit 14 Zoll Display, Apple M3 Max Chip, 36 GB RAM, 30-Core GPU, 1 TB SSD, Space Schwarz","3999,00€"
"LENOVO IdeaPad Gaming 3, Gaming-Notebook, mit 15,6 Zoll Display, AMD Ryzen™ 5,7535HS  Prozessor, 16 GB RAM, 512 GB SSD, NVIDIA GeForce RTX™ 2050, Onyx Grey, Windows 11 Home (64 Bit)","879,99€"
"HP Victus Gaming Laptop 15-fb0354ng, Gaming Notebook, mit 15,6 Zoll Display, AMD Ryzen™ 5,5600H Prozessor, 8 GB RAM, 512 GB SSD, AMD Radeon™ RX 6500M, Mica Silver, Windows 11 Home (64 Bit)","899,00€"
"ACER Predator Helios Neo 16 (PHN16-71-976B) mit 165 Hz Display mit RGB Tastaturbeleuchtung, Gaming Notebook, mit 16,0 Zoll Display, Intel® Core™ i9,i9-13900HX Prozessor, 32 GB RAM, 1 TB SSD, NVIDIA GeForce RTX™ 4070, Obsidian Black, Windows 11 Home (64 Bit)","1999,00€"
"ASUS VivoBook 17X (K3704VA-AU068W), Notebook, mit 17,3 Zoll Display, Intel® Evo™ Plattform, Intel® Core™ i9,i9-13900H (Evo) Prozessor, 16 GB RAM, 1 TB SSD, Intel® Iris® Xe, Schwarz, Windows 11 Home (64 Bit)","1099,00€"
"ACER Aspire 3 (A317-53-76NV), Notebook, mit 17,3 Zoll Display, Intel® Core™ i7,i7-1165G7 Prozessor, 16 GB RAM, 512 GB SSD, Intel® Iris® Xe, Pure Silver, Windows 11 Home (64 Bit)","819,00€"
"MICROSOFT Surface Pro, Copilot+ PC, 11. Edition, Convertible, mit 13 Zoll Display, Qualcomm Snapdragon X Plus, 16 GB RAM, 512 GB SSD, Qualcomm Adreno™ Onboard Graphics, Sand, Windows 11 Home (64 Bit)","1449,00€"
"ACER Aspire 5 (A517-53G-76EE) mit Tastaturbeleuchtung, Notebook, mit 17,3 Zoll Display, Intel® Core™ i7,i7-1260P Prozessor, 16 GB RAM, 512 GB SSD, NVIDIA GeForce RTX™ 2050, Steel Gray, Windows 11 Home (64 Bit)","1079,00€"
"LENOVO LOQ 15, Gaming Notebook, mit 15,6 Zoll Display, AMD Ryzen™ 7,7840HS  Prozessor, 16 GB RAM, 1 TB SSD, NVIDIA GeForce RTX™ 4060, Storm Grey, Windows 11 Home (64 Bit)","1519,00€"
"MICROSOFT Surface Laptop Go 3, Notebook, mit 12,45 Zoll Display Touchscreen, Intel® Core™ i5,i5-1235U Prozessor, 16 GB RAM, 256 GB SSD, Intel® Iris® Xe, Platin, Windows 11 Home (64 Bit)","1149,00€"
"ASUS ROG Zephyrus Duo 16 GX650PZ-NM030W, Gaming Notebook, mit 16 Zoll Display, AMD Ryzen™ 9,7945HX  Prozessor, 32 GB RAM, 1 TB SSD, NVIDIA GeForce RTX™ 4080, Schwarz, Windows 11 Home (64 Bit)","4299,00€"
"MICROSOFT Surface Laptop, Copilot+ PC, 7. Edition, Copilot+ PC, mit 15 Zoll Display Touchscreen, Qualcomm Snapdragon X Elite, 16 GB RAM, 1 TB SSD, Qualcomm Adreno™ Onboard Graphics, Graphit, Windows 11 Home (64 Bit)","2039,00€"
"MICROSOFT Surface Laptop Go 3, Notebook, mit 12,45 Zoll Display Touchscreen, Intel® Core™ i5,i5-1235U Prozessor, 8 GB RAM, 256 GB SSD, Intel® Iris® Xe, Salbei, Windows 11 Home (64 Bit)","859,99€"
"APPLE MacBook Pro (2023), Notebook mit 16 Zoll Display, Apple M3 Pro Chip, 18 GB RAM, 18-Core GPU, 512 GB SSD, Silber","2999,00€"
"ASUS VivoBook 17 (M1702QA-AU108W), Notebook, mit 17,3 Zoll Display, AMD Ryzen™ 5,5600H Prozessor, 8 GB RAM, 512 GB SSD, AMD Radeon™ Onboard Graphics, Silber, Windows 11 Home (64 Bit)","649,00€"
"LENOVO Yoga Slim 7x, Copilot+ PC, Copilot+ PC, mit 14,5 Zoll Display, Qualcomm Snapdragon X Elite,X1E78100 Prozessor, 16 GB RAM, 1 TB SSD, Qualcomm Adreno™ Onboard Graphics, Cosmic Blue, Windows 11 Home (64 Bit)","1499,00€"
"ASUS ROG Strix G16 G614JZR-N4031W, Gaming Notebook, mit 16 Zoll Display, Intel® Core™ i9,i9-14900HX Prozessor, 32 GB RAM, 1 TB SSD, NVIDIA GeForce RTX™ 4080, Schwarz/Grau, Windows 11 Home (64 Bit)","2889,00€"
"HUAWEI Matebook D16 2024, Notebook, mit 16 Zoll Display, Intel® Core™ i9,i9-13900H Prozessor, 16 GB RAM, 1 TB SSD Iris® Xe, Space Gray, Windows 11 Home (64 Bit)","1399,00€"
"APPLE MacBook Air (2024), MRYR3D/A, Notebook, mit 15,3 Zoll Display, M3 Prozessor, 8 GB RAM, 256 GB SSD, Polarstern, macOS","1599,00€"
"PEAQ Classic PNB C150V-2G428D, Notebook, mit 15,6 Zoll Display, Intel® Pentium® Silver,N5030 Prozessor, 4 GB RAM, 128 GB SSD, Intel® UHD 605, Grau, Windows 10 Pro (64 Bit)","279,00€"
"LENOVO IdeaPad 3i, Notebook, mit 15,6 Zoll Display, Intel® Core™ i3,i3-1215U Prozessor, 8 GB RAM, 512 GB SSD, Intel® UHD Graphics, Arctic Grey, Windows 11 Home (64 Bit)","449,00€"
"APPLE MacBook Air (2024), MRYR3D/A, Notebook, mit 15,3 Zoll Display, M3 Prozessor, 8 GB RAM, 256 GB SSD, Polarstern, macOS","1599,00€"
"PEAQ Classic PNB C150V-2G428D, Notebook, mit 15,6 Zoll Display, Intel® Pentium® Silver,N5030 Prozessor, 4 GB RAM, 128 GB SSD, Intel® UHD 605, Grau, Windows 10 Pro (64 Bit)","279,00€"
"LENOVO IdeaPad 3i, Notebook, mit 15,6 Zoll Display, Intel® Core™ i3,i3-1215U Prozessor, 8 GB RAM, 512 GB SSD, Intel® UHD Graphics, Arctic Grey, Windows 11 Home (64 Bit)","449,00€"
"GIGABYTE AORUS 16X, Gaming Notebook, mit 16 Zoll Display, Intel® Core™ i7,i7-13650HX  Prozessor, 16 GB RAM, 1 TB SSD, NVIDIA GeForce RTX™ 4060, Midnight Grey, Windows 11 (64 Bit)","1399,00€"
"ACER Nitro 5 (AN515-57-57SB) mit 144 Hz Display & RGB Tastaturbeleuchtung, Gaming Notebook, mit 15,6 Zoll Display, Intel® Core™ i5,i5-11400H Prozessor, 16 GB RAM, 512 GB SSD, NVIDIA GeForce RTX™ 3060, Schwarz/Rot, Windows 11 Home (64 Bit)","1199,00€"
"MICROSOFT Surface Laptop, Copilot+ PC, 7. Edition, Copilot+ PC, mit 15 Zoll Display Touchscreen, Qualcomm Snapdragon X Elite, 16 GB RAM, 1 TB SSD, Qualcomm Adreno™ Onboard Graphics, Platin, Windows 11 Home (64 Bit)","2029,00€"
"ASUS ROG Flow X13 GV302XI-MU008W, Convertible, mit 13,4 Zoll Display Touchscreen, AMD Ryzen™ 9,7940HS Prozessor, 32 GB RAM, 1 TB SSD, NVIDIA GeForce RTX™ 4070, Off Black, Windows 11 Home (64 Bit)","2499,00€"
"MSI Prestige 16 AI Studio B1VFG-009, Notebook, mit 16 Zoll Display, Intel® Core™ Ultra 9,Ultra 9 185H Prozessor, 32 GB RAM, 1 TB SSD, NVIDIA GeForce RTX™ 4060, Stellar Gray, Windows 11 Pro (64 Bit)","2549,00€"
"ACER Chromebook Spin 514 (CP514-1H-R9PJ), Chromebook, mit 14 Zoll Display Touchscreen, AMD Athlon™ Silver,3050C Prozessor, 4 GB RAM, 64 GB eMMC, AMD Radeon™ Onboard Graphics, Silber, Google Chrome OS","549,00€"
"MICROSOFT Surface Laptop Studio 2, Notebook, mit 14,4 Zoll Display Touchscreen, Intel® Core™ i7,i7-13700H  Prozessor, 16 GB RAM, 512 GB SSD, NVIDIA GeForce RTX™ 4050, Platin, Windows 11 Home (64 Bit)","2719,00€"
"ASUS ROG Zephyrus G16 GU605MV-QP101W, Gaming Notebook, mit 16 Zoll Display, Intel® Core™ Ultra 7,155H Prozessor, 16 GB RAM, 1 TB SSD, NVIDIA GeForce RTX™ 4060, Schwarz/Grau, Windows 11 Home (64 Bit)","2199,00€"
"MICROSOFT Surface Laptop Studio 2, Notebook, mit 14,4 Zoll Display Touchscreen, Intel® Core™ i7,i7-13700H Prozessor, 16 GB RAM, 512 GB SSD, Intel® Iris® Xe, Platin, Windows 11 Home (64 Bit)","2239,00€"
"ASUS ROG Flow X13 GV302XV-MU001W, Convertible, mit 13,4 Zoll Display Touchscreen, AMD Ryzen™ 9,7940HS Prozessor, 16 GB RAM, 1 TB SSD, NVIDIA GeForce RTX™ 4060, Schwarz, Windows 11 Home (64 Bit)","1999,00€"
"HP 15s-eq2356ng, Notebook, mit 15,6 Zoll Display, AMD Ryzen™ 5,5500U Prozessor, 8 GB RAM, 512 GB SSD, AMD Radeon™ Onboard Graphics, Silber, Windows 11 Home (64 Bit)","499,00€"
"ACER Chromebook 317 (CB317-1H-C680), Chromebook, mit 17,3 Zoll Display, Intel® Celeron®,N5100 Prozessor, 8 GB RAM, 128 GB eMMC, Intel® UHD Graphics, Sparkly Silver, Google Chrome OS","479,00€"
"HP Spectre x360 16-f2375ng, Convertible, mit 16 Zoll Display Touchscreen, Intel® Core™ i7 i7-1360P Prozessor, 16 GB RAM, 1 TB SSD, Intel® Arc™ 3 A370M, Schwarz, Windows 11 Home (64 Bit)","2099,00€"
"HP OMEN 17-db0379ng, Gaming Notebook, mit 17,3 Zoll Display, AMD Ryzen™ 7,8845HS Prozessor, 32 GB RAM, 1 TB SSD, NVIDIA GeForce RTX™ 4070, Schwarz, Windows 11 Home (64 Bit)","1999,00€"
"ASUS ROG Flow X13 GV302XU-MU001W, Convertible, mit 13,4 Zoll Display Touchscreen, AMD Ryzen™ 9,7940HS  Prozessor, 16 GB RAM, 1 TB SSD, NVIDIA GeForce RTX™ 4050, Schwarz, Windows 11 Home (64 Bit)","1999,00€"
"HP Pavilion 16-ag0375ng, Notebook, mit 16 Zoll Display Touchscreen, AMD Ryzen™ 7,8840U Prozessor, 16 GB RAM, 1 TB SSD, AMD Radeon™ 780M, Blau, Windows 11 Home (64 Bit)","999,00€"
"HP OmniBook X 14-FE0370NG, Copilot+ PC, Copilot+ PC, mit 14 Zoll Display Touchscreen, Qualcomm Snapdragon X Elite,X1E-78-100 (12C) Prozessor, 16 GB RAM, 1 TB SSD, Qualcomm Adreno™ Onboard Graphics, Meteor Silver Aluminium, Windows 11 Home (64 Bit)","1299,00€"
"MEDION ERAZER Defender P50 (MD62646) mit 165 Hz QHD Display und RGB Tastatur, Gaming Laptop, mit 17,3 Zoll Display, Intel® Core™ i5,13420H Prozessor, 16 GB RAM, 1 TB SSD, NVIDIA GeForce RTX™ 4060, Schwarz, Windows 11 Home (64 Bit)","1399,00€"
"ASUS ROG Strix G18 G814JU-N5008W, Notebook, mit 18 Zoll Display, Intel® Core™ i7,i7-13650HX Prozessor, 16 GB RAM, 1 TB SSD, NVIDIA GeForce RTX™ 4050, Schwarz/Grau, Windows 11 Home (64 Bit)","1899,00€"
"GIGABYTE AORUS 17H BXF-74DE554SH, Gaming Notebook, mit 17,3 Zoll Display, Intel® Core™ i7,i7-13700H Prozessor, 16 GB RAM, 1 TB SSD, NVIDIA GeForce RTX™ 4080, Schwarz, Windows 11 Home (64 Bit)","2299,00€"
"ASUS Vibe CX55 Flip CX5501FEA-NA0275, Gaming Chromebook, mit 15,6 Zoll Display Touchscreen, Intel® Core™ i3,i3-1115G4 Prozessor, 8 GB RAM, 128 GB SSD, Intel® UHD Graphics, Grau, Google Chrome OS","699,00€"
"RAZER Blade 16 (2024) mit OLED Display, Gaming Notebook, mit 16 Zoll Display, Intel® Core™ i9, i9-14900HX Prozessor, 32 GB RAM, 2 TB SSD, NVIDIA GeForce RTX™ 4090, Schwarz, Windows 11 Home (32 bit)","4849,00€"
"RAZER Blade 15 CH9-NT, Gaming Notebook, mit 15,6 Zoll Display, Intel® Core™ i7,i7-13800H Prozessor, 16 GB RAM, 1 TB SSD, NVIDIA GeForce RTX™ 4070, Schwarz, Windows 11 Home (64 Bit)","3199,99€"
"LENOVO IdeaPad 5i, Chromebook Plus, mit 16 Zoll Display, Intel® Core™ i3,1215U Prozessor, 8 GB RAM, 256 GB SSD, Intel® UHD Graphics, Stone Blue, Google Chrome OS","669,99€"
"MSI STEALTH 15, Gaming Notebook, mit 15,6 Zoll Display, Intel® Core™ i7,i7-13620H Prozessor, 16 GB RAM, 1 TB SSD, NVIDIA GeForce RTX™ 4060, Core Black, Windows 11 Home (64 Bit)","2349,00€"
"HP Pavilion x360 14-ek1375ng, Convertible, mit 14 Zoll Display Touchscreen, Intel® Core™ i7 i7-1355U Prozessor, 16 GB RAM, 1 TB SSD, Intel® UHD Graphics, Silber, Windows 11 Home (64 Bit)","999,00€"
"LENOVO Legion 9i, Gaming-Notebook, mit 16 Zoll Display, Intel® Core™ i9,14900HX Prozessor, 64 GB RAM, 2 TB SSD, NVIDIA GeForce RTX™ 4090, Carbon Black, Windows 11 Pro (64 Bit)","4969,00€"
"ASUS Zenbook S 13 OLED UX5304MA-NQ041W, Notebook, mit 13,3 Zoll Display, Intel® Core™ Ultra 7,155U Prozessor, 16 GB RAM, 1 TB SSD, Intel® Iris® Xe, Basalt Grey, Windows 11 Home (64 Bit)","1599,00€"
"SAMSUNG Galaxy Book4 Pro, Notebook, mit 14 Zoll Display Touchscreen, Intel® Core™ Ultra 7,155H Prozessor, 32 GB RAM, 512 GB SSD, Intel® Arc® GPU, Platinum Silver, Windows 11 Pro (64 Bit)","2199,00€"
"ASUS ZenBook Pro 14 Duo OLED UX8402VV-P1021W, Creator Notebook, mit 14,5 Zoll Display Touchscreen, Intel® Core™ i9,i9-13900H Prozessor, 32 GB RAM, 2 TB SSD, NVIDIA GeForce RTX™ 4060, Schwarz, Windows 11 Home (64 Bit)","3499,00€"
"ASUS VivoBook 16X OLED M3604YA-L2035W, Notebook, mit 16 Zoll Display, AMD Ryzen™ 7,7730U Prozessor, 16 GB RAM, 1 TB SSD, AMD Radeon™ Onboard Graphics, Silber, Windows 11 Home (64 Bit)","1399,00€"
"HP Victus Gaming 16-r1354ng, Gaming Notebook, mit 16,1 Zoll Display, Intel® Core™ i5,i5-14500HX Prozessor, 16 GB RAM, 512 GB SSD, NVIDIA GeForce RTX™ 4050, Silber, Windows 11 Home (64 Bit)","1299,00€"
"ASUS ROG Strix G16 G614JIR-N4030W, Gaming Notebook, mit 16 Zoll Display, Intel® Core™ i9,i9-14900HX Prozessor, 32 GB RAM, 1 TB SSD, NVIDIA GeForce RTX™ 4070, Schwarz/Grau, Windows 11 Home (64 Bit)","2499,00€"
"ASUS VivoBook 16X OLED M3604YA-L2035W, Notebook, mit 16 Zoll Display, AMD Ryzen™ 7,7730U Prozessor, 16 GB RAM, 1 TB SSD, AMD Radeon™ Onboard Graphics, Silber, Windows 11 Home (64 Bit)","1399,00€"
"HP Victus Gaming 16-r1354ng, Gaming Notebook, mit 16,1 Zoll Display, Intel® Core™ i5,i5-14500HX Prozessor, 16 GB RAM, 512 GB SSD, NVIDIA GeForce RTX™ 4050, Silber, Windows 11 Home (64 Bit)","1299,00€"
"ASUS ROG Strix G16 G614JIR-N4030W, Gaming Notebook, mit 16 Zoll Display, Intel® Core™ i9,i9-14900HX Prozessor, 32 GB RAM, 1 TB SSD, NVIDIA GeForce RTX™ 4070, Schwarz/Grau, Windows 11 Home (64 Bit)","2499,00€"
"LENOVO LOQ 15IRX9, Gaming Notebook, mit 15,6 Zoll Display, Intel® Core™ i7,13650HX Prozessor, 16 GB RAM, 1 TB SSD, NVIDIA GeForce RTX™ 4060, Luna Grey, Windows 11 Home (64 Bit)","1499,00€"
"ACER Aspire 3 (A315-59-37BC), Notebook, mit 15,6 Zoll Display, Intel® Core™ i3,1215U  Prozessor, 16 GB RAM, 512 GB SSD, Intel® UHD Graphics, Pure Silver, Windows 11 Home (64 Bit)","499,00€"
"ASUS VivoBook Pro 15 OLED N6506MU-MA051X, Notebook, mit 15,6 Zoll Display, Intel® Core™ Ultra 7,155H Prozessor, 16 GB RAM, 1 TB SSD, NVIDIA GeForce RTX™ 4050, Cool Silver, Windows 11 Pro (64 Bit)","1899,00€"
"ACER Swift Go (SFG16-71-763T) mit OLED-Display, Notebook, mit 16,0 Zoll Display, Intel® Core™ i7,i7-1355U Prozessor, 16 GB RAM, 1 TB SSD, Intel® Iris® Xe, Pure Silver, Windows 11 Home (64 Bit)","1329,00€"
"MICROSOFT Surface Laptop Studio 2, Notebook, mit 14,4 Zoll Display Touchscreen, Intel® Core™ i7,i7-13700H  Prozessor, 32 GB RAM, 512 GB SSD, NVIDIA GeForce RTX™ A2000, Platin, Windows 11 Home (64 Bit)","4159,00€"
"LENOVO IdeaPad Gaming 3, Gaming-Notebook, mit 15,6 Zoll Display, AMD Ryzen™ 5,7535HS  Prozessor, 16 GB RAM, 512 GB SSD, NVIDIA GeForce RTX™ 4050, Onyx Grey, Windows 11 Home (64 Bit)","1169,00€"
"ASUS VivoBook S 15 OLED K5504VN-MA045W, Notebook, mit 15,6 Zoll Display, Intel® Core™ i9,i9-13900H Prozessor, 16 GB RAM, 1 TB SSD, Intel® Arc™ 3 A350M, Schwarz, Windows 11 Home (64 Bit)","1799,00€"
"ACER Aspire 3 (A315-24P-R47H), Notebook, mit 15,6 Zoll Display, AMD Ryzen™ 5,7520U  Prozessor, 8 GB RAM, 512 GB SSD, AMD Radeon™ Onboard Graphics, Pure Silver, Windows 11 Home (64 Bit)","579,00€"
"ACER 514 (CB514-2H-K7VE) mit Tastaturbeleuchtung, Chromebook, mit 14 Zoll Display, MediaTek MediaTek MT,ARM Cortex A76/A55 Prozessor, 4 GB RAM, 64 GB eMMC, Mediatek Mali-G57, Silber, Google Chrome OS","459,00€"
"HP Victus Gaming 16-s1375ng, Gaming Notebook, mit 16,1 Zoll Display, AMD Ryzen™ 7,8840H Prozessor, 32 GB RAM, 512 GB SSD, NVIDIA GeForce RTX™ 4070, Schwarz, Windows 11 Home (64 Bit)","1798,99€"
"HP Victus Gaming 16-s0377ng, Gaming Notebook, mit 16,1 Zoll Display, AMD Ryzen™ 7,7840HS Prozessor, 16 GB RAM, 512 GB SSD, NVIDIA GeForce RTX™ 4070, Schwarz, Windows 11 Home (64 Bit)","1599,00€"
"ACER Swift Go 14 OLED (SFG14-63-R6ZG) mit Tastaturbeleuchtung, Notebook, mit 14 Zoll Display, AMD Ryzen™ 7,8845HS Prozessor, 32 GB RAM, 1 TB SSD, AMD Radeon™ Onboard Graphics, Steel Gray, Windows 11 Home (64 Bit)","1199,00€"
"RAZER Blade 16, Gaming Notebook, mit 16 Zoll Display, Intel® Core™ i9,i9-13950HX Prozessor, 32 GB RAM, 1 TB SSD, NVIDIA GeForce RTX™ 4080, Mercury, Windows 11 Home (64 Bit)","4349,99€"
"APPLE MacBook Air (2023), MQKU3D/A, Notebook mit 15.3 Zoll Display, Apple M2 Prozessor, 8 GB RAM, 256 GB SSD, M 210-Core GPU, Polarstern","1599,00€"
"HP 15a-na0312ng, Chromebook, mit 15,6 Zoll Display, Intel® Celeron®,N4500 Prozessor, 4 GB RAM, 128 GB eMMC, Intel® UHD Graphics, Silber, Google Chrome OS","349,99€"
"GIGABYTE AERO 14, Creator Notebook, mit 14 Zoll Display, Intel® Core™ i7,i7 -13620H Prozessor, 16 GB RAM, 512 GB SSD, NVIDIA GeForce RTX™ 4050, Twilight Silver, Windows 11 (64 Bit)","1599,00€"
"MEDION AKOYA® E15415, Notebook, mit 15,6 Zoll Display, Intel® Core™ i5,i5-10210U Prozessor, 8 GB RAM, 512 GB SSD, Intel® UHD Graphics, Grau, Windows 11 Home (64 Bit)","549,99€"
"APPLE MacBook Air (2023), MQKP3D/A, Notebook mit 15.3 Zoll Display, Apple M2 Prozessor, 8 GB RAM, 256 GB SSD, M2 10-Core GPU, Space Grau","1599,00€"
"LENOVO IdeaPad 1i, Inkl. 1 Jahr Microsoft 365 Single, Notebook, mit 11,6 Zoll Display, Intel® Celeron®,N4020 Prozessor, 4 GB RAM, 64 GB eMMC, Intel® UHD 600, Eisblau, Windows 11 Home S-Modus (64 Bit)","369,00€"
"HP 15-fc0313ng, Notebook, mit 15,6 Zoll Display, AMD Athlon™ Gold,7220U Prozessor, 8 GB RAM, 256 GB SSD, AMD Radeon™ Onboard Graphics, Schwarz, Windows 11 Home (64 Bit)","499,00€"
"HP Victus Gaming Laptop 16-r0354ng, Notebook, mit 16,1 Zoll Display, Intel® Evo™ Plattform, Intel® Core™ i5,i5-13500H Prozessor, 16 GB RAM, 512 GB SSD, NVIDIA GeForce RTX™ 4050, Schwarz, Windows 11 Home (64 Bit)","1249,00€"
"ACER Chromebook 314 (CB314-4H-345E), Chromebook, mit 14 Zoll Display, Intel® Core™ i3,i3-N305  Prozessor, 4 GB RAM, 128 GB eMMC, Intel® UHD Graphics, Pure Silver, Google Chrome OS","469,00€"
"ACER Aspire Vero (AV15-53P-74FH) mit Tastaturbeleuchtung, Notebook, mit 15,6 Zoll Display, Intel® Core™ i7,i7-1355U  Prozessor, 16 GB RAM, 1 TB SSD, Intel® Iris® Xe, Cypress Green, Windows 11 Home (64 Bit)","849,00€"
"HP Victus Gaming 16-r1356ng, Gaming Notebook, mit 16,1 Zoll Display, Intel® Core™ i5,i5-14500HX Prozessor, 16 GB RAM, 512 GB SSD, NVIDIA GeForce RTX™ 4060, Schwarz, Windows 11 Home (64 Bit)","1399,00€"
"HP OMEN by HP 16-wf1377ng, Gaming Notebook, mit 16,1 Zoll Display, Intel® Core™ i7,i7-14700HX Prozessor, 32 GB RAM, 512 GB SSD, NVIDIA GeForce RTX™ 4070, Schwarz, Windows 11 Home (64 Bit)","1999,00€"
"HP ENVY 17-cw0352ng, Notebook, mit 17,3 Zoll Display, Intel® Core™ i5,i5-13500H Prozessor, 16 GB RAM, 1 TB SSD, Intel® Iris® Xe, Silber, Windows 11 Home (64 Bit)","1099,00€"
"HP - B2B 470 G10, Business Notebook, mit 17,3 Zoll Display, Intel® Core™ i7,i7-1355U Prozessor, 16 GB RAM, 512 GB SSD, Intel® Iris® Xe, Asteroid Silver, Windows 11 Pro (64 Bit)","1213,80€"
"ASUS VivoBook 16X K3604VA-MB023W, Notebook, mit 16 Zoll Display, Intel® Evo™ Plattform, Intel® Core™ i5,i5-1340P (Evo) Prozessor, 16 GB RAM, 1 TB SSD, Intel® Iris® Xe, Silber, Windows 11 Home (64 Bit)","1099,00€"
"MSI RAIDER GE68 HX 13VG-037 I7-13 RTX4070, Gaming-Laptop, mit 16,0 Zoll Display, Intel® Core™ i7,i7-13700HX Prozessor, 32 GB RAM, 2 TB SSD, NVIDIA GeForce RTX™ 4070, Core Black, Windows 11 Home (64 Bit)","3499,00€"
"APPLE MacBook Air (2022), MLXX3D/A, Notebook mit 13,6 Zoll Display, Apple M2 Prozessor, 8 GB RAM, 512 GB SSD, M2, Space Grau","1429,00€"
"LENOVO IdeaPad 5 Pro, Notebook, mit 16 Zoll Display, AMD Ryzen™ 7,6800HS Prozessor, 16 GB RAM, 1 TB SSD, NVIDIA GeForce RTX™ 3050 Ti, Storm Grey, Windows 11 Home (64 Bit)","1499,00€"
"ASUS ProArt StudioBook 16 OLED H7604JI-MY008W, Creator Notebook, mit 16 Zoll Display Touchscreen, Intel® Core™ i9,i9-13980HX Prozessor, 32 GB RAM, 2 TB SSD, NVIDIA GeForce RTX™ 4070, Schwarz, Windows 11 Home (64 Bit)","3499,00€"
"ASUS ZenBook Pro 16X OLED UX7602BZ-MY005W, Creator Notebook, mit 16 Zoll Display Touchscreen, Intel® Core™ i9,i9-13900H Prozessor, 32 GB RAM, 2 TB SSD, NVIDIA GeForce RTX™ 4080, Tech Black, Windows 11 Home (64 Bit)","4499,00€"
"LENOVO IdeaPad 5 Pro, Notebook, mit 16 Zoll Display, AMD Ryzen™ 7,6800HS Prozessor, 16 GB RAM, 1 TB SSD, NVIDIA GeForce RTX™ 3050 Ti, Storm Grey, Windows 11 Home (64 Bit)","1499,00€"
"ASUS ProArt StudioBook 16 OLED H7604JI-MY008W, Creator Notebook, mit 16 Zoll Display Touchscreen, Intel® Core™ i9,i9-13980HX Prozessor, 32 GB RAM, 2 TB SSD, NVIDIA GeForce RTX™ 4070, Schwarz, Windows 11 Home (64 Bit)","3499,00€"
"ASUS ZenBook Pro 16X OLED UX7602BZ-MY005W, Creator Notebook, mit 16 Zoll Display Touchscreen, Intel® Core™ i9,i9-13900H Prozessor, 32 GB RAM, 2 TB SSD, NVIDIA GeForce RTX™ 4080, Tech Black, Windows 11 Home (64 Bit)","4499,00€"
"HP 17-cn2356ng, Notebook, mit 17,3 Zoll Display, Intel® Core™ i5,i5-1235U Prozessor, 16 GB RAM, 512 GB SSD, Intel® Iris® Xe, Silber, Windows 11 Home (64 Bit)","799,00€"
"HP Victus 16-d1376ng, Notebook, mit 16,1 Zoll Display, Intel® Core™ i7,i7-12700H Prozessor, 16 GB RAM, 512 GB SSD, NVIDIA GeForce RTX™ 3060, Schwarz, Windows 11 Home (64 Bit)","1648,99€"
"HP OMEN 16-n0375ng, Gaming Notebook, mit 16,1 Zoll Display, AMD Ryzen™ 7,6800H Prozessor, 16 GB RAM, 512 GB SSD, NVIDIA GeForce RTX™ 3070 Ti, Schwarz, Windows 11 Home (64 Bit)","2099,01€"
"HP 15s-eq2376ng, Notebook, mit 15,6 Zoll Display, AMD Ryzen™ 7,5700U Prozessor, 16 GB RAM, 512 GB SSD, AMD Radeon™ Onboard Graphics, Silber, Windows 11 Home (64 Bit)","698,99€"
"ASUS ROG Flow X16 GV601VI-NL016W, Convertible, mit 16 Zoll Display Touchscreen, Intel® Core™ i9,i9-13900H Prozessor, 32 GB RAM, 1 TB SSD, NVIDIA GeForce RTX™ 4070, Schwarz, Windows 11 Home (64 Bit)","2999,00€"
"HP OMEN 16-xd0373ng, Notebook, mit 16,1 Zoll Display, AMD Ryzen™ 7,7840HS  Prozessor, 16 GB RAM, 512 GB SSD, NVIDIA GeForce RTX™ 4060, Schwarz, Windows 11 Home (64 Bit)","1699,00€"
"MICROSOFT Surface Laptop Studio 2, Notebook, mit 14,4 Zoll Display Touchscreen, Intel® Core™ i7,i7-13700H  Prozessor, 64 GB RAM, 1 TB SSD, NVIDIA GeForce RTX™ 4060, Platin, Windows 11 Home (64 Bit)","3799,00€"
"ACER Predator Helios Neo 16 (PHN16-72-70UM) mit 240 Hz Display & RGB Tastaturbeleuchtung, Gaming Notebook, mit 16 Zoll Display, Intel® Core™ i7,i7-14700HX Prozessor, 16 GB RAM, 1 TB SSD, NVIDIA GeForce RTX™ 4070, Abyssal Black, Windows 11 Home (64 Bit)","1899,00€"
"ACER Swift Go 16 Pro Black Edition (SFG16-71-782M) mit 120 Hz Display mit Tastaturbeleuchtung, Notebook, mit 16 Zoll Display, Intel® Core™ i7,13620H  Prozessor, 32 GB RAM, 1 TB SSD, Intel® UHD Graphics, Ice Black, Windows 11 Pro (64 Bit)","1269,00€"
"APPLE MacBook Pro (2020) MYD92D/A, Notebook mit 13,3 Zoll Display, Apple M1 Prozessor, 8 GB RAM, 512 GB SSD, M1 GPU, Space Grau","1679,00€"
"ASUS TUF Gaming A15 FA507XV-HQ002W, Notebook, mit 15,6 Zoll Display, AMD Ryzen™ 9,7940HS  Prozessor, 16 GB RAM, 1 TB SSD, NVIDIA GeForce RTX™ 4060, Schwarz, Grau, Windows 11 Home (64 Bit)","1999,00€"
"LENOVO IdeaPad 3, Notebook, mit 17,3 Zoll Display, AMD Ryzen™ 7,5700U Prozessor, 8 GB RAM, 512 GB SSD, AMD Radeon™ Onboard Graphics, Arctic Grey, Windows 11 Home (64 Bit)","859,99€"
"ACER Aspire 3 (A315-24P-R1UP), Notebook, mit 15,6 Zoll Display, AMD Ryzen™ 3,7320U Prozessor, 16 GB RAM, 512 GB SSD, AMD Radeon™ Onboard Graphics, Pure Silver, Windows 11 Home (64 Bit)","629,00€"
"MEDION AKOYA® E16423 (MD 62569), Notebook, mit 16,0 Zoll Display, Intel® Core™ i5,i5-1155G7 Prozessor, 8 GB RAM, 1 TB SSD, Intel® Iris® Xe, Silber, Windows 11 Home (64 Bit)","609,00€"
"HP OMEN 16-wf1373ng, Gaming Notebook, mit 16,1 Zoll Display, Intel® Core™ i7,i7-14700HX Prozessor, 16 GB RAM, 1 TB SSD, NVIDIA GeForce RTX™ 4070, Schwarz, Windows 11 Home (64 Bit)","1999,00€"
"ACER Aspire Vero (AV15-53P-7966) mit Tastaturbeleuchtung, Notebook, mit 15,6 Zoll Display, Intel® Core™ i7,i7-1355U  Prozessor, 16 GB RAM, 1 TB SSD, Intel® Iris® Xe, Cobblestone Gray, Windows 11 Home (64 Bit)","859,99€"
"LENOVO IdeaPad 5i Pro, Notebook, mit 14 Zoll Display, Intel® Core™ i5,i5-1240P Prozessor, 16 GB RAM, 512 GB SSD, Intel® Iris® Xe, Storm Grey, Windows 11 Home (64 Bit)","949,99€"
"ASUS ROG Strix SCAR 16 G634JY-NM001W, Gaming Notebook, mit 16 Zoll Display, Intel® Core™ i9,i9-13980HX Prozessor, 32 GB RAM, 1 TB SSD, NVIDIA GeForce RTX™ 4090, Schwarz, Windows 11 Home (64 Bit)","4299,00€"
"ACER Aspire 5 (A515-56-545J), Notebook, mit 15,6 Zoll Display, Intel® Core™ i5,i5-1135G7 Prozessor, 8 GB RAM, 512 GB SSD, Intel® Iris® Xe, Silber, Linux","649,00€"
"HP ENVY Laptop 16-h1375ng, Notebook, mit 16 Zoll Display, Intel® Evo™ Plattform, Intel® Core™ i7,i7-13700H (Evo) Prozessor, 16 GB RAM, 1 TB SSD, Intel® Arc™ 7 A730M, Silber, Windows 11 Home (64 Bit)","1798,99€"
"HP 17-BY2333NG, Notebook, mit 17,3 Zoll Display, Intel® Core™ i7,i7-10510U Prozessor, 8 GB RAM, 256 GB SSD, AMD Radeon™ Onboard Graphics, Schwarz, Windows 10 Home (64 Bit)","849,00€"
"MSI Stealth 14 Studio A13VE-029, Notebook, mit 14 Zoll Display, Intel® Evo™ Plattform, Intel® Core™ i7,i7-13700H (Evo) Prozessor, 16 GB RAM, 1 TB SSD, NVIDIA GeForce RTX™ 4050, Star Blue, Windows 11 Home (64 Bit)","2399,00€"
"ACER Swift X (SFX14-71G-77BA) mit Tastaturbeleuchtung, Notebook, mit 14,5 Zoll Display, Intel® Core™ i7,i7-13700H Prozessor, 16 GB RAM, 1 TB SSD, NVIDIA GeForce RTX™ 4050, Steel Grey, Windows 11 Home (64 Bit)","2359,00€"
"HP OMEN Transcend 16-u0375ng, Notebook, mit 16 Zoll Display, Intel® Core™ i7,i7-13700HX Prozessor, 32 GB RAM, 1 TB SSD, NVIDIA GeForce RTX™ 4070, Schwarz, Windows 11 Home (64 Bit)","2399,00€"
"ACER Aspire Vero (AV15-52-7154) mit Tastaturbeleuchtung, EVO, Notebook, mit 15,6 Zoll Display, Intel® Core™ i7,i7-1255U (Evo) Prozessor, 16 GB RAM, 1,000 GB SSD, Intel® Iris® Xe, Starry Black, Windows 11 Home (64 Bit)","1049,00€"
"HP - B2B 470 G10, Business Notebook, mit 17,3 Zoll Display, Intel® Core™ i5,i5-1335U Prozessor, 16 GB RAM, 512 GB SSD, Intel® Iris® Xe, Asteroid Silber, Windows 11 Pro (64 Bit)","1045,00€"
"HP - B2B ProBook 445 G10, Business Notebook, mit 14 Zoll Display, AMD Ryzen™ 5,7530U Prozessor, 16 GB RAM, 512 GB SSD, AMD Radeon™ Onboard Graphics, Silber, Windows 11 Pro (64 Bit)","1045,00€"
"HP OMEN 16-u0695ng, Notebook, mit 16 Zoll Display, Intel® Core™ i9,i9-13900HX Prozessor, 32 GB RAM, 1 TB SSD, NVIDIA GeForce RTX™ 4070, Schwarz, Windows 11 Home (64 Bit)","2799,00€"
"ACER Swift 1 (SF114-34-P6C4) mit Tastaturbeleuchtung, Ultrabook, mit 14 Zoll Display, Intel® Pentium®,N6000 Prozessor, 8 GB RAM, 256 GB SSD, Intel® HD Graphics, Silber, Windows 11 Home (64 Bit)","499,00€"
"APPLE MacBook Pro (2023), Notebook mit 14 Zoll Display, Apple M3 Chip, 8 GB RAM, 10-Core-GPU, 1 TB SSD, Silber","2229,00€"
"APPLE MacBook Pro (2023), Notebook mit 14 Zoll Display, Apple M3 Pro Chip, 18 GB RAM, 18-Core GPU, 1 TB SSD, Silber","2999,00€"
"APPLE MacBook Pro (2023), Notebook mit 14 Zoll Display, Apple M3 Pro Chip, 18 GB RAM, 18-Core GPU, 1 TB SSD, Space Schwarz","2999,00€"
"HP OMEN 16-u1375ng, Gaming Notebook, mit 16 Zoll Display, Intel® Core™ i7,i7-14700HX Prozessor, 32 GB RAM, 1 TB SSD, NVIDIA GeForce RTX™ 4070, Schwarz, Windows 11 Home (64 Bit)","2299,00€"
"ASUS ROG Strix SCAR 16 G634JYR-RA029W, Gaming Notebook, mit 16 Zoll Display, Intel® Core™ i9,i9-14900HX Prozessor, 32 GB RAM, 1 TB SSD, NVIDIA GeForce RTX™ 4090, Schwarz, Windows 11 Home (64 Bit)","3999,00€"
"ASUS ROG Flow X16 GV601VV-NF019W, Convertible, mit 16 Zoll Display Touchscreen, Intel® Core™ i9,i9-13900H Prozessor, 16 GB RAM, 1 TB SSD, NVIDIA GeForce RTX™ 4060, Off Black, Windows 11 Home (64 Bit)","2499,00€"
"ACER Swift X 16 (SFX16-61G-R7YR) mit 120 Hz Display mit Tastaturbeleuchtung, Notebook, mit 16 Zoll Display, AMD Ryzen™ 7,7840HS Prozessor, 16 GB RAM, 512 GB SSD, NVIDIA GeForce RTX™ 4050, Steel Gray, Windows 11 Home (64 Bit)","1469,00€"
"HP OMEN 16-wf1395ng, Gaming Notebook, mit 16,1 Zoll Display, Intel® Core™ i9,i9-14900HX Prozessor, 32 GB RAM, 1 TB SSD, NVIDIA GeForce RTX™ 4080, Shadow Black, Windows 11 Home (64 Bit)","3299,00€"
"HP OMEN 16-wf1375ng, Gaming Notebook, mit 16,1 Zoll Display, Intel® Core™ i7,i7-14700HX Prozessor, 16 GB RAM, 512 GB SSD, NVIDIA GeForce RTX™ 4060, Shadow Black, Windows 11 Home (64 Bit)","1799,00€"
"LG gram Pro 16Z90SP-G.AA78G, Notebook, mit 16 Zoll Display, Intel® Core™ Ultra 7,155H Prozessor, 16 GB RAM, 1 TB SSD, Intel® Arc® GPU, Schwarz, Windows 11 Home (64 Bit)","1999,00€"
"LG gram Pro 17Z90SP-E.AD7BG, Notebook, mit 17 Zoll Display, Intel® Core™ Ultra 7,155H Prozessor, 32 GB RAM, 1 TB SSD, NVIDIA GeForce RTX™ 3050, Schwarz, Windows 11 Home (64 Bit)","2599,00€"
"LG gram Pro 17Z90SP-G.AA78G, Notebook, mit 17 Zoll Display, Intel® Core™ Ultra 7,155H Prozessor, 16 GB RAM, 1 TB SSD, Intel® Arc® GPU, Schwarz, Windows 11 Home (64 Bit)","2199,00€"
"LG gram 16Z90S-G.AA75G, Notebook, mit 16 Zoll Display, Intel® Core™ Ultra 7,155H Prozessor, 16 GB RAM, 512 GB SSD, Intel® Arc® GPU, Schwarz, Windows 11 Home (64 Bit)","1749,00€"
"LG gram 16Z90S-G.AA79G, Notebook, mit 16 Zoll Display, Intel® Core™ Ultra 7,155H Prozessor, 16 GB RAM, 1 TB SSD, Intel® Arc® GPU, Grau, Windows 11 Home (64 Bit)","1849,00€"
"LG gram 16Z90S-G.AA77G, Notebook, mit 16 Zoll Display, Intel® Core™ Ultra 7,155H Prozessor, 16 GB RAM, 1 TB SSD, Intel® Arc® GPU, Weiß, Windows 11 Home (64 Bit)","1849,00€"
"LG gram 16Z90S-G.AA79G, Notebook, mit 16 Zoll Display, Intel® Core™ Ultra 7,155H Prozessor, 16 GB RAM, 1 TB SSD, Intel® Arc® GPU, Grau, Windows 11 Home (64 Bit)","1849,00€"
"LG gram 16Z90S-G.AD7CG, Notebook, mit 16 Zoll Display, Intel® Core™ Ultra 7,155H Prozessor, 32 GB RAM, 2 TB SSD, Intel® Arc® GPU, Grau, Windows 11 Home (64 Bit)","2049,00€"
"LG gram 17Z90S-G.AA75G, Notebook, mit 17 Zoll Display, Intel® Core™ Ultra 7,155H Prozessor, 16 GB RAM, 512 GB SSD, Intel® Arc® GPU, Schwarz, Windows 11 Home (64 Bit)","1849,00€"
"LG gram 17Z90S-G.AA79G, Notebook, mit 17 Zoll Display, Intel® Core™ Ultra 7,155H Prozessor, 16 GB RAM, 1 TB SSD, Intel® Arc® GPU, Grau, Windows 11 Home (64 Bit)","1899,00€"
"LG gram 17Z90S-G.AD7CG, Notebook, mit 17 Zoll Display Touchscreen, Intel® Core™ Ultra 7,155H Prozessor, 32 GB RAM, 2 TB SSD, Intel® Arc® GPU, Grau, Windows 11 Home (64 Bit)","2099,00€"
"LG gram Pro 2in1 16T90SP-K.AA78G, Notebook, mit 16 Zoll Display Touchscreen, Intel® Core™ Ultra 7 155H Prozessor, 16 GB RAM, 1 TB SSD, Intel® Arc® GPU, Schwarz, Windows 11 Home (64 Bit)","2349,00€"
"ASUS Vivobook Pro 15 OLED N6506MV-MA032W, Laptop, mit 15,6 Zoll Display, Intel® Core™ Ultra 7, 155H Prozessor, 24 GB RAM, 1 TB SSD, NVIDIA GeForce RTX™ 4060, Grau, Windows 11 Home (64 Bit)","2099,00€"
"HP OMEN 14-fb0376ng, Gaming Notebook, mit 14 Zoll Display, Intel® Core™ Ultra 7,155H Prozessor, 16 GB RAM, 1 TB SSD, NVIDIA GeForce RTX™ 4060, Weiß, Windows 11 Home (64 Bit)","2199,00€"
"APPLE MacBook Air (2024), MXD13D/A, Notebook, mit 15,3 Zoll Display, Apple M3, 16 GB RAM, 512 GB SSD, Apple M3, Space Grau, macOS","2059,00€"
"APPLE MacBook Air, MLY13D/A, CTO, Notebook, mit 13,6 Zoll Display, Apple M-Series,M2 Prozessor, 16 GB RAM, 512 GB SSD, Apple M2, Polarstern, macOS","1659,00€"
"ACER Acer Aspire Vero 16 (AV16-51P-77LH) mit Tastaturbeleuchtung, EVO,, Notebook, mit 16 Zoll Display, Intel® Evo™ Plattform, Intel® Core™ Ultra 7,155U Prozessor, 16 GB RAM, 1,000 GB SSD, Intel® UHD Graphics, Cobblestone Gray, Windows 11 Home (64 Bit)","1089,00€"
"ACER Swift Go 14 OLED (SFG14-73-75QL) mit Tastaturbeleuchtung, Notebook, mit 14 Zoll Display, Intel® Evo™ Plattform, Intel® Core™ Ultra 7,155H Prozessor, 16 GB RAM, 1 TB SSD, Intel® Arc® GPU, Pure Silver, Windows 11 Home (64 Bit)","1179,00€"
"ACER Swift Go 14 OLED (SFG14-73-738H) mit Tastaturbeleuchtung, Notebook, mit 14 Zoll Display, Intel® Evo™ Plattform, Intel® Core™ Ultra 7,155H Prozessor, 32 GB RAM, 1 TB SSD, Intel® Arc® GPU, Pure Silver, Windows 11 Home (64 Bit)","1399,00€"
"ACER Acer Aspire Vero 16 (AV16-51P-77LH) mit Tastaturbeleuchtung, EVO,, Notebook, mit 16 Zoll Display, Intel® Evo™ Plattform, Intel® Core™ Ultra 7,155U Prozessor, 16 GB RAM, 1,000 GB SSD, Intel® UHD Graphics, Cobblestone Gray, Windows 11 Home (64 Bit)","1089,00€"
"ACER Swift Go 14 OLED (SFG14-73-75QL) mit Tastaturbeleuchtung, Notebook, mit 14 Zoll Display, Intel® Evo™ Plattform, Intel® Core™ Ultra 7,155H Prozessor, 16 GB RAM, 1 TB SSD, Intel® Arc® GPU, Pure Silver, Windows 11 Home (64 Bit)","1179,00€"
"ACER Swift Go 14 OLED (SFG14-73-738H) mit Tastaturbeleuchtung, Notebook, mit 14 Zoll Display, Intel® Evo™ Plattform, Intel® Core™ Ultra 7,155H Prozessor, 32 GB RAM, 1 TB SSD, Intel® Arc® GPU, Pure Silver, Windows 11 Home (64 Bit)","1399,00€"
"ACER Nitro 17 (AN17-41-R848) mit 165 Hz Display mit RGB Tastaturbeleuchtung, Gaming Notebook, mit 17,3 Zoll Display, AMD Ryzen™ 7,7735HS Prozessor, 16 GB RAM, 1 TB SSD, NVIDIA GeForce RTX™ 4060, Obsidian Black, Windows 11 Home (64 Bit)","1599,00€"
"ACER Predator Helios Neo 18 (PHN18-71-793L) mit 165 Hz Display mit RGB Tastaturbeleuchtung, Gaming Notebook, mit 18 Zoll Display, Intel® Core™ i7,i7-14650HX Prozessor, 16 GB RAM, 1 TB SSD, NVIDIA GeForce RTX™ 4060, Abyssal Black, Windows 11 Home (64 Bit)","1759,00€"
"ACER Predator Triton Neo 16 (PTN16-51-978P) mit 165 Hz Display mit RGB Tastaturbeleuchtung, Gaming Notebook, mit 16 Zoll Display, Intel® Core™ Ultra 9,185H Prozessor, 32 GB RAM, 1 TB SSD, NVIDIA GeForce RTX™ 4070, Sparkly Silver, Windows 11 Home (64 Bit)","2149,00€"
"ACER Predator Helios 16 (PH16-72-96T5) mit 240 Hz Display & RGB Tastaturbeleuchtung, Gaming Notebook, mit 16 Zoll Display, Intel® Core™ i9,i9-14900HX Prozessor, 32 GB RAM, 1 TB SSD, NVIDIA GeForce RTX™ 4070, Abyssal Black, Windows 11 Home (64 Bit)","2299,00€"
"MEDION SPRCHRGD 14 S1 Elite, Copilot+ PC, mit 14 Zoll Display, Qualcomm Snapdragon X Elite,X Elite Prozessor, 16 GB RAM, 512 GB SSD, Qualcomm Adreno™ Onboard Graphics, Galaxy Grey, Windows 11 Home (64 Bit)","1199,00€"
"MEDION SPRCHRGD 14 S1 Elite, Copilot+ PC, mit 14 Zoll Display, Qualcomm Snapdragon X Elite, 32 GB RAM, 1 TB SSD, Qualcomm Adreno™ Onboard Graphics, Galaxy Grey, Windows 11 Home (64 Bit)","1299,00€"
"APPLE MacBook Air (2022), MLY33D/A, Notebook mit 13,6 Zoll Display, Apple M2 Prozessor, 8 GB RAM, 256 GB SSD, M2, Mitternacht","1199,00€"
"APPLE MacBook Air (2022), MLY13D/A, Notebook mit 13,6 Zoll Display, Apple M2 Prozessor, 8 GB RAM, 256 GB SSD, M2, Polarstern","1199,00€"
"GIGABYTE G5, Gaming Notebook, mit 15,6 Zoll Display, Intel® Core™ i7,i7 -13620H Prozessor, 16 GB RAM, 1 TB SSD, NVIDIA GeForce RTX™ 4050, Schwarz, Windows 11 (64 Bit)","999,00€"
"APPLE MacBook Pro (2023), Notebook mit 14 Zoll Display, Apple M3 Chip, 8 GB RAM, 10-Core GPU, 512 GB SSD, Space Grau","1999,00€"
"APPLE MacBook Air (2022), MLXY3D/A, Notebook mit 13,6 Zoll Display, Apple M2 Prozessor, 8 GB RAM, 256 GB SSD, M2, Silber","1199,00€"
"ASUS Zenbook 14 OLED UM3406HA-QD099W, Notebook, mit 14 Zoll Display, AMD Ryzen™ 7,8840HS Prozessor, 16 GB RAM, 1 TB SSD, AMD Radeon™ 780M, Jade Black, Windows 11 Home (64 Bit)","1299,00€"
"PEAQ PNB C140M-1G428D, Notebook, mit 14 Zoll Display, Intel® Celeron®,N4120 Prozessor, 4 GB RAM, 128 GB SSD, Intel® HD Graphics, Silber-Grau, Windows 11 Home (64 Bit)","279,00€"
"ASUS VivoBook 17 X1704VA-AU393W, Notebook, mit 17,3 Zoll Display, Intel® Core™ i7,i7-1355U Prozessor, 16 GB RAM, 512 GB SSD, Intel® Iris® Xe, Quiet Blue, Windows 11 Home (64 Bit)","799,00€"
"ASUS TUF Gaming A17 FA707NV-HX013W, Gaming Notebook, mit 17,3 Zoll Display, AMD Ryzen™ 7,7735HS  Prozessor, 16 GB RAM, 1 TB SSD, NVIDIA GeForce RTX™ 4060, Grau, Windows 11 Home (64 Bit)","1499,00€"
"DELL - B2B Latitude 3540, Business Notebook, mit 15,6 Zoll Display, Intel® Core™ i5,i5-1335U Prozessor, 16 GB RAM, 256 GB SSD, Intel® Iris® Xe, Grau, Windows 11 Pro (64 Bit)","999,00€"
"DELL - B2B Latitude 5440, Business Notebook, mit 14 Zoll Display, Intel® Core™ i7,i7-1365U Prozessor, 16 GB RAM, 512 GB SSD, Intel® Iris® Xe, Grau, Windows 11 Pro (64 Bit)","1999,00€"
"DELL - B2B Latitude 3440, Business Notebook, mit 14 Zoll Display, Intel® Core™ i5,i5-1335U Prozessor, 16 GB RAM, 256 GB SSD, Intel® Iris® Xe, Grau, Windows 11 Pro (64 Bit)","1045,99€"
"DELL - B2B Latitude 7440 2-in-1, Business Convertible, mit 14 Zoll Display Touchscreen, Intel® Core™ i7,i7-1365U Prozessor, 16 GB RAM, 512 GB SSD, Intel® Iris® Xe, Grau, Windows 11 Pro (64 Bit)","1849,00€"
"DELL - B2B Latitude 7440, Business Notebook, mit 14 Zoll Display, Intel® Core™ i5,i5-1345U Prozessor, 16 GB RAM, 512 GB SSD, Intel® Iris® Xe, Grau, Windows 11 Pro (64 Bit)","1549,00€"
"DELL - B2B Latitude 7440, Business Notebook, mit 14 Zoll Display, Intel® Core™ i5,i5-1345U Prozessor, 16 GB RAM, 256 GB SSD, Intel® Iris® Xe, Grau, Windows 11 Pro (64 Bit)","1649,00€"
"GIGABYTE G5, Gaming Notebook, mit 15,6 Zoll Display, Intel® Core™ i7,i7-13620H Prozessor, 16 GB RAM, 1 TB SSD, NVIDIA GeForce RTX™ 4060, Schwarz, Windows 11 Home (64 Bit)","1199,00€"
"DELL - B2B Precision 3580, Business Notebook, mit 15,6 Zoll Display, Intel® Core™ i7,i7-1360P Prozessor, 16 GB RAM, 512 GB SSD, NVIDIA GeForce RTX™ A500, Grau, Windows 11 Pro (64 Bit)","1299,00€"
"MICROSOFT Surface Pro, Copilot+ PC, 11. Edition, Convertible, mit 13 Zoll Display, Qualcomm Snapdragon X Plus, 16 GB RAM, 256 GB SSD, Qualcomm Adreno™ Onboard Graphics, Platin, Windows 11 Home (64 Bit)","1159,00€"
"MICROSOFT Surface Pro, Copilot+ PC, 11. Edition, Convertible, mit 13 Zoll Display, Qualcomm Snapdragon X Plus, 16 GB RAM, 512 GB SSD, Qualcomm Adreno™ Onboard Graphics, Platin, Windows 11 Home (64 Bit)","1449,00€"
"LENOVO Legion Pro 5i, Gaming Notebook, mit 16 Zoll Display, Intel® Core™ i9,i9-14900HX Prozessor, 32 GB RAM, 1 TB SSD, NVIDIA GeForce RTX™ 4070, Onyx Grey, Windows 11 Home (64 Bit)","2299,00€"
"GIGABYTE AORUS 17X, Gaming Notebook, mit 17,3 Zoll Display, Intel® Core™ i9,i9-14900HX Prozessor, 32 GB RAM, 2 TB SSD, NVIDIA GeForce RTX™ 4080, Schwarz, Windows 11 (64 Bit)","3299,00€"
"APPLE MacBook Air (2024), MXCV3D/A, Notebook, mit 13,6 Zoll Display, M3 Prozessor, 16 GB RAM, 512 GB SSD, Mitternacht, macOS","1759,00€"
"MICROSOFT Surface Laptop, Copilot+ PC, 7. Edition, Copilot+ PC, mit 13,8 Zoll Display Touchscreen, Qualcomm Snapdragon X Plus, 16 GB RAM, 512 GB SSD, Qualcomm Adreno™ Onboard Graphics, Platin, Windows 11 Home (64 Bit)","1449,00€"
"HP Victus Gaming 15-fa1365ng, Gaming Notebook, mit 15,6 Zoll Display, Intel® Core™ i5,i5-13500H Prozessor, 16 GB RAM, 1 TB SSD, NVIDIA GeForce RTX™ 4050, Silber, Windows 11 Home (64 Bit)","1099,00€"
"ASUS VivoBook S 15 OLED M5506UA-MA014W, Notebook, mit 15,6 Zoll Display, AMD Ryzen™ 7,8845HS Prozessor, 16 GB RAM, 1 TB SSD, AMD Radeon™ 780M, Neutral Black, Windows 11 Home (64 Bit)","1099,00€"
"GIGABYTE AORUS 16X, Gaming Notebook, mit 16 Zoll Display, Intel® Core™ i9,i9-14900HX Prozessor, 32 GB RAM, 1 TB SSD, NVIDIA GeForce RTX™ 4070, Midnight Grey, Windows 11 Home (64 Bit)","1999,00€"
"LENOVO IdeaPad Duet 3i, Convertible, mit 11,5 Zoll Display Touchscreen, Intel® N-Series N200 Prozessor, 4 GB RAM, 128 GB Flash, Intel® UHD Graphics, Abyss Blue, Windows 11 Home S-Modus (64 Bit)","509,00€"
"ACER Aspire 5 (A517-53-70AN) mit Tastaturbeleuchtung, Notebook, mit 17,3 Zoll Display, Intel® Core™ i7,12650H  Prozessor, 32 GB RAM, 1 TB SSD, Intel® UHD Graphics, Steel Gray, Windows 11 Home (64 Bit)","999,00€"
"ASUS Vivobook Go 15 E510KA-EJ225WS, inkl. 1 Jahr Microsoft 365 Single, Notebook, mit 15,6 Zoll Display, Intel® Celeron®,N4500 Prozessor, 4 GB RAM, 128 GB eMMC, Intel® HD Graphics, Star Black, Windows 11 Home S-Modus (64 Bit)","299,00€"
"APPLE MacBook Pro (2023), Notebook mit 14 Zoll Display, Apple M3 Pro Chip, 18 GB RAM, 14-Core GPU, 512 GB SSD, Silber","2499,00€"
"ACER Chromebook Spin 511 (R753TN-C6TK), Chromebook, mit 11,6 Zoll Display Touchscreen, Intel® Celeron®,N5100 Prozessor, 4 GB RAM, 32 GB eMMC, Intel® UHD Graphics, Schwarz, Google Chrome OS","199,00€"
"APPLE MacBook Air (2024), MRXT3D/A, Notebook, mit 13,6 Zoll Display, M3 Prozessor, 8 GB RAM, 256 GB SSD, Polarstern, macOS","1299,00€"
"HUAWEI Matebook 14, Notebook, mit 14,2 Zoll Display Touchscreen, Intel® Core™ Ultra 5,125H Prozessor, 16 GB RAM, 512 GB SSD, Intel® Arc® GPU, Space Gray, Windows 11 Home (64 Bit)","1099,00€"
"APPLE MacBook Air (2024), MXD43D/A, Notebook, mit 15,3 Zoll Display, Apple M3, 16 GB RAM, 512 GB SSD, Apple M3, Mitternacht, macOS","2059,00€"
"LENOVO IdeaPad Duet 3, inkl. Lenovo USI Pen 2, 2-in-1 Chromebook, mit 11 Zoll Display, Qualcomm -,7c Prozessor, 4 GB RAM, 128 GB eMMC, Qualcomm Adreno™ Onboard Graphics, Storm Grey, Google Chrome OS","399,00€"
"MICROSOFT Surface Laptop, Copilot+ PC, 7. Edition, Copilot+ PC, mit 13,8 Zoll Display Touchscreen, Qualcomm Snapdragon X Plus, 16 GB RAM, 256 GB SSD, Qualcomm Adreno™ Onboard Graphics, Platin, Windows 11 Home (64 Bit)","1199,00€"
"ASUS Vivobook Go 15 E1504FA-BQ659W, Notebook, mit 15,6 Zoll Display, AMD Ryzen™ 5,7520U Prozessor, 8 GB RAM, 512 GB SSD, AMD Radeon™ 610M, Schwarz, Windows 11 Home (64 Bit)","529,00€"
"ASUS ROG Zephyrus G14 GA402NV-N2027W, Gaming Notebook, mit 14 Zoll Display, AMD Ryzen™ 7,7735HS Prozessor, 16 GB RAM, 1 TB SSD, NVIDIA GeForce RTX™ 4060, Schwarz/Grau, Windows 11 Home (64 Bit)","1799,00€"
"ASUS ROG Strix G17 G713PI-LL005W, Notebook, mit 17,3 Zoll Display, AMD Ryzen™ 9,7945HX  Prozessor, 32 GB RAM, 1 TB SSD, NVIDIA GeForce RTX™ 4070, Schwarz/Grau, Windows 11 Home (64 Bit)","2499,00€"
"GIGABYTE G6X, Gaming Notebook, mit 16 Zoll Display, Intel® Core™ i7,i7-13650HX  Prozessor, 16 GB RAM, 1 TB SSD, NVIDIA GeForce RTX™ 4060, Schwarz, Windows 11 (64 Bit)","1349,00€"
"HP 17-cp0377ng, Notebook, mit 17,3 Zoll Display, AMD Ryzen™ 7,5700U Prozessor, 16 GB RAM, 1 TB SSD, AMD Radeon™ Onboard Graphics, Silber, Windows 11 Home (64 Bit)","698,99€"
"ACER Nitro V15 (ANV15-41-R2ZS) mit 144 Hz Display & Tastaturbeleuchtung, Gaming Notebook, mit 15,6 Zoll Display, AMD Ryzen™ 7,7735HS Prozessor, 16 GB RAM, 1 TB SSD, NVIDIA GeForce RTX™ 4060, Obsidian Black, Windows 11 Home (64 Bit)","1299,00€"
"ASUS VivoBook 17X M1703QA-AU056W, Notebook, mit 17,3 Zoll Display, AMD Ryzen™ 9,5900HX Prozessor, 16 GB RAM, 1 TB SSD, AMD Radeon™ Onboard Graphics, Blau, Windows 11 Home (64 Bit)","1099,00€"
"MICROSOFT Surface Laptop, Copilot+ PC, 7. Edition, Copilot+ PC, mit 15 Zoll Display Touchscreen, Qualcomm Snapdragon X Elite, 16 GB RAM, 256 GB SSD, Qualcomm Adreno™ Onboard Graphics, Platin, Windows 11 Home (64 Bit)","1549,00€"
"LENOVO IdeaPad Slim 5i, Slim Notebook, mit 16 Zoll Display, Intel® Core™ i7,i7-13620H Prozessor, 16 GB RAM, 1 TB SSD, Intel® UHD Graphics, Cloud Grey, Windows 11 Home (64 Bit)","919,00€"
"ASUS ROG Zephyrus G16 GU605MI-QR044W, Gaming Notebook, mit 16 Zoll Display, Intel® Core™ Ultra 9,185H Prozessor, 32 GB RAM, 1 TB SSD, NVIDIA GeForce RTX™ 4070, Schwarz/Grau, Windows 11 Home (64 Bit)","2649,00€"
"MSI PRESTIGE 16 AI STUDIO B1VG-008, Notebook, mit 16 Zoll Display, Intel® Core™ Ultra 9,Core 9 Ultra Prozessor, 32 GB RAM, 1 TB SSD, NVIDIA GeForce RTX™ 4070, Stellar Gray, Windows 11 Home (64 Bit)","2799,00€"
"APPLE MacBook Air (2024), MRXN3D/A, Notebook, mit 13,6 Zoll Display, M3 Prozessor, 8 GB RAM, 256 GB SSD, Space Grau, macOS","1299,00€"
"APPLE MacBook Air (2024), MRYU3D/A, Notebook, mit 15,3 Zoll Display, M3 Prozessor, 8 GB RAM, 256 GB SSD, Mitternacht, macOS","1599,00€"
"APPLE MacBook Pro (2023), Notebook mit 14 Zoll Display, Apple M3 Pro Chip, 18 GB RAM, 14-Core GPU, 512 GB SSD, Space Schwarz","2499,00€"
"APPLE MacBook Air (2024), MXCR3D/A, Notebook, mit 13,6 Zoll Display, M3 Prozessor, 16 GB RAM, 512 GB SSD, Space Grau, macOS","1759,00€"
"HP Laptop 15s-fq5333ng, Notebook, mit 15,6 Zoll Display, Intel® Core™ i3,i3-1215U Prozessor, 8 GB RAM, 512 GB SSD, Intel® UHD Graphics, Natursilber, Windows 11 Home (64 Bit)","499,00€"
"HUAWEI MateBook D16 2024, Notebook, mit 16 Zoll Display, Intel® Core™ i5,i5-13420H Prozessor, 16 GB RAM, 1 TB SSD, Intel® UHD Graphics, Space Gray, Windows 11 Home (64 Bit)","999,00€"
"MICROSOFT Surface Laptop, Copilot+ PC, 7. Edition, Copilot+ PC, mit 13,8 Zoll Display Touchscreen, Qualcomm Snapdragon X Plus, 16 GB RAM, 512 GB SSD, Qualcomm Adreno™ Onboard Graphics, Graphit, Windows 11 Home (64 Bit)","1449,00€"
"MICROSOFT Surface Pro, Copilot+ PC, 11. Edition, Convertible, mit 13 Zoll Display, Qualcomm Snapdragon X Plus, 16 GB RAM, 512 GB SSD, Qualcomm Adreno™ Onboard Graphics, Saphirblau, Windows 11 Home (64 Bit)","1449,00€"
"APPLE MacBook Pro (2023), Notebook mit 16 Zoll Display, Apple M3 Pro Chip, 36 GB RAM, 18-Core GPU  512 GB SSD, Space Schwarz","3459,00€"
"ASUS Vivobook S 15 S5507QA-MA006W, Copilot+ PC, Copilot+ PC, mit 15,6 Zoll Display, Qualcomm Snapdragon X Elite,X1E Prozessor, 16 GB RAM, 1 TB SSD, Qualcomm Adreno™ Onboard Graphics, Cool Silver, Windows 11 Home (64 Bit)","1299,00€"
"ACER Aspire 3 (A315-58-59FM), Notebook, mit 15,6 Zoll Display, Intel® Core™ i5,i5-1135G7 Prozessor, 8 GB RAM, 512 GB SSD, Intel® Iris® Xe, Pure Silver, Windows 11 Home (64 Bit)","499,00€"
"APPLE MacBook Air (2024), MRYP3D/A, Notebook, mit 15,3 Zoll Display, M3 Prozessor, 8 GB RAM, 256 GB SSD, Silber, macOS","1599,00€"
"ACER Chromebook 315 (CB315-3HT-P440), Chromebook, mit 15,6 Zoll Display Touchscreen, Intel® Pentium®,N5000 Prozessor, 4 GB RAM, 128 GB eMMC, Intel® UHD 605, Pure Silver, Google Chrome OS","519,00€"
"MICROSOFT Surface Laptop Go 3, Notebook, mit 12,45 Zoll Display Touchscreen, Intel® Core™ i5,i5-1235U Prozessor, 8 GB RAM, 256 GB SSD, Intel® Iris® Xe, Eisblau, Windows 11 Home (64 Bit)","859,99€"
"APPLE MacBook Air (2024), MRYQ3D/A, Notebook, mit 15,3 Zoll Display, M3 Prozessor, 8 GB RAM, 512 GB SSD, Silber, macOS","1829,00€"
"HP 15s-fq5356ng, Notebook, mit 15,6 Zoll Display, Intel® Core™ i5,i5-1235U Prozessor, 16 GB RAM, 1 TB SSD, Intel® Iris® Xe, Silber, Windows 11 Home (64 Bit)","699,00€"
"MICROSOFT Surface Laptop Go 3, Notebook, mit 12,45 Zoll Display Touchscreen, Intel® Core™ i5,i5-1235U Prozessor, 16 GB RAM, 256 GB SSD, Intel® Iris® Xe, Salbei, Windows 11 Home (64 Bit)","1149,00€"
"MEDION ERAZER Deputy P60, Gaming Notebook, mit 15,6 Zoll Display, Intel® Core™ 7,i7-13620H Prozessor, 32 GB RAM, 2 TB SSD, NVIDIA GeForce RTX™ 4070, Schwarz, Windows 11 Home (64 Bit)","1649,00€"
"ASUS Flip CX5 CX5601FBA-MC0038, Chromebook Plus, mit 16 Zoll Display Touchscreen, Intel® Core™ i5,i5-1235U Prozessor, 8 GB RAM, 128 GB SSD, Intel® Iris® Xe, Grau, Google Chrome OS","899,00€"
"ASUS VivoBook S 14 OLED S5406MA-PP018W, Notebook, mit 14 Zoll Display, Intel® Core™ Ultra 5,125H Prozessor, 16 GB RAM, 512 GB SSD, Intel® Arc® GPU, Mist Blue, Windows 11 Home (64 Bit)","1099,00€"
"ASUS ZenBook Pro 17 UM6702RC-M2042WS, Creator Notebook, mit 17,3 Zoll Display, AMD Ryzen™ 9,6900HX Prozessor, 16 GB RAM, 1 TB SSD, NVIDIA GeForce RTX™ 3050, Schwarz, Windows 11 Home (64 Bit)","1799,00€"
"MICROSOFT Surface Laptop, Copilot+ PC, 7. Edition, Copilot+ PC, mit 15 Zoll Display Touchscreen, Qualcomm Snapdragon X Elite, 16 GB RAM, 512 GB SSD, Qualcomm Adreno™ Onboard Graphics, Platin, Windows 11 Home (64 Bit)","1719,00€"
"ASUS VivoBook S 16 OLED S5606MA-MX011X, Notebook, mit 16 Zoll Display, Intel® Core™ Ultra 9,185H Prozessor, 16 GB RAM, 1 TB SSD, Intel® Arc® GPU, Neutral Black, Windows 11 Pro (64 Bit)","1499,00€"
"MICROSOFT Surface Laptop, Copilot+ PC, 7. Edition, Copilot+ PC, mit 13,8 Zoll Display Touchscreen, Qualcomm Snapdragon X Elite, 16 GB RAM, 1 TB SSD, Qualcomm Adreno™ Onboard Graphics, Platin, Windows 11 Home (64 Bit)","1899,00€"
"LENOVO Legion Slim 5i, Gaming Notebook, mit 16 Zoll Display, Intel® Core™ i7,i7-13700H Prozessor, 16 GB RAM, 1 TB SSD, NVIDIA GeForce RTX™ 4070, Storm Grey, Windows 11 Home (64 Bit)","1929,00€"
"ACER Chromebook Spin 513 (CP513-1H-S6H0) mit Tastaturbeleuchtung, Chromebook, mit 13,3 Zoll Display Touchscreen, Qualcomm Snapdragon 700 Series,7180c Prozessor, 4 GB RAM, 64 GB eMMC, Qualcomm Adreno™ Onboard Graphics, Pure Silver, Google Chrome OS","499,00€"
"ASUS VivoBook S 16 Flip TP3604VA-MC069W, Convertible, mit 16 Zoll Display Touchscreen, Intel® Core™ i9 i9-13900H (Evo) Prozessor, 16 GB RAM, 1 TB SSD, Intel® Iris® Xe, Schwarz, Windows 11 Home (64 Bit)","1399,00€"
"APPLE MacBook Air (2024), MRYT3D/A, Notebook, mit 15,3 Zoll Display, M3 Prozessor, 8 GB RAM, 512 GB SSD, Polarstern, macOS","1829,00€"
"HP 17-cn3358ng, Notebook, mit 17,3 Zoll Display, Intel® Core™ i5,i5-1334U Prozessor, 16 GB RAM, 512 GB SSD, Intel® Iris® Xe, Silber, Windows 11 Home (64 Bit)","699,00€"
"MICROSOFT Surface Laptop Studio 2, Notebook, mit 14,4 Zoll Display Touchscreen, Intel® Core™ i7,i7-13700H  Prozessor, 32 GB RAM, 1 TB SSD, NVIDIA GeForce RTX™ 4050, Platin, Windows 11 Home (64 Bit)","3199,00€"
"MEDION S17413, Notebook, mit 17,3 Zoll Display, Intel® Core™ 5,i5-1235U Prozessor, 16 GB RAM, 1 TB SSD, Intel® Iris® Xe, Silber, Windows 11 Home (32 bit)","679,00€"
"LENOVO Yoga 9i (8. Generation), Premium Convertible Notebook, mit 14 Zoll Display Touchscreen, Intel® Core™ i7 i7-1360P (Evo) Prozessor, 16 GB RAM, 1 TB SSD, Intel® Iris® Xe, Oatmeal/Champagnersilber, Windows 11 Home (64 Bit)","1999,00€"
"APPLE MacBook Air (2024), MXD33D/A, Notebook, mit 15,3 Zoll Display, M3 Prozessor, 16 GB RAM, 512 GB SSD, Polarstern, macOS","2059,00€"
"GIGABYTE AERO 16 OLED, Creator Notebook, mit 16 Zoll Display, Intel® Core™ i9,i9-13900H Prozessor, 32 GB RAM, 1 TB SSD, NVIDIA GeForce RTX™ 4070, Twilight Silver, Windows 11 Pro (64 Bit)","2399,00€"
"ASUS ROG Zephyrus G14 GA403UI-QS024W, Gaming Notebook, mit 14 Zoll Display, AMD Ryzen™ 9,8945HS Prozessor, 32 GB RAM, 1 TB SSD, NVIDIA GeForce RTX™ 4070, Schwarz/Grau, Windows 11 Home (64 Bit)","2399,00€"
"ACER Swift Go 16 OLED (SFG16-72-77XN) mit 120 Hz Display mit Tastaturbeleuchtung, Notebook, mit 16 Zoll Display, Intel® Evo™ Plattform, Intel® Core™ Ultra 7,155H Prozessor, 16 GB RAM, 1 TB SSD, Intel® Arc® GPU, Steel Gray, Windows 11 Home (64 Bit)","1269,00€"
"ACER Nitro 16 (AN16-41-R0QU) mit 165 Hz Display und RGB Tastatur, Notebook, mit 16,0 Zoll Display, AMD Ryzen™ 7, 7840HS Prozessor, 16 GB RAM, 1 TB SSD, NVIDIA GeForce RTX™ 4070, Obsidian Black, Windows 11 Home (64 Bit)","1649,00€"
"SAMSUNG Galaxy Book 4 Edge, Copilot+ PC, mit 16 Zoll Display Touchscreen, Qualcomm Snapdragon X Elite, 16 GB RAM, 1 TB SSD, Qualcomm Adreno™ Onboard Graphics, Sapphire Blue, Windows 11 Home (64 Bit)","2099,00€"
"APPLE MacBook Air (2024), MRXQ3D/A, Notebook, mit 13,6 Zoll Display, M3 Prozessor, 8 GB RAM, 256 GB SSD, Silber, macOS","1299,00€"
"APPLE MacBook Air (2024), MRXP3D/A, Notebook, mit 13,6 Zoll Display, M3 Prozessor, 8 GB RAM, 512 GB SSD, Space Grau, macOS","1529,00€"
